keyword,cluster,same
서면1번가,0,알차다 싫다 사이좋다 사납다 인상깊다 낯설다 외롭다 하얗다 해맑다 드물다 덩그러다 가깝다 과하다 반갑다 청승맞다 춥다 적다 안타깝다 보람차다 고르다 뜨겁다 어지럽다 즐겁다 그리우다 기쁘다 재빠르다 지겹다 추우다 오래다 노랗다 어렵다 아쉬우다 차다 힘드다 오지다 낮다 하찮다 파랗다 희다 좁다 손색없다 아름답다 귀엽다 차갑다 정신없다 흔하다 습하다 무섭다 눈부시다 걸맞다 멋있다 시끄럽다 무겁다 엄청나다 험하다 더럽다 징그럽다 묘하다 빠르다 어둡다 아깝다 서럽다 덥다 빨갛다 야무지다 더우다 이쁘다 싸다 놀랍다 곱다 가볍다 예뿌다 앙증맞다 젊다 맑다 비싸다 연하다 밝다 그립다 깊다 약하다 멀다 두껍다 수많다 찹다 어설프다 어이없다 멋지다
광안리해수욕장,0,틀림없다 알차다 싫다 사이좋다 인상깊다 낯설다 외롭다 하얗다 못지않다 벌겋다 따갑다 해맑다 지겨우다 덩그러다 섭하다 시리다 드세다 짓궂다 가깝다 기막히다 거칠다 감명깊다 뜨거우다 힘차다 얕다 친하다 부끄럽다 주옥같다 즐거우다 반갑다 춥다 훤하다 고우다 적다 안타깝다 고르다 격하다 조그맣다 재미있다 뜨겁다 후하다 즐겁다 어지럽다 비좁다 기쁘다 끊임없다 재빠르다 숱하다 지겹다 추우다 노랗다 싱그럽다 실하다 어렵다 아쉬우다 따시다 차다 가까우다 붉다 힘드다 오지다 거세다 번거롭다 하찮다 변함없다 낮다 파랗다 희다 남다르다 좁다 잽싸다 손색없다 가파르다 새빨갛다 까다롭다 새롭다 특별나다 속상하다 아름답다 귀엽다 퍼렇다 즐거다 뜻깊다 감질나다 색다르다 차갑다 재미없다 정신없다 주의깊다 흔하다 습하다 무섭다 쩔다 눈부시다 걸맞다 미끄럽다 멋있다 두렵다 빡쎄다 시끄럽다 촌스럽다 무겁다 급하다 탁하다 멋들어지다 드넓다 재미나다 활기차다 엄청나다 아낌없다 험하다 느리다 더럽다 경이롭다 징그럽다 짙다 묘하다 빠르다 귀하다 세차다 뿌옇다 숨차다 어둡다 아깝다 따숩다 어려우다 심심찮다 덥다 밤늦다 빨갛다 야무지다 아름다우다 정겹다 흥겹다 더우다 이쁘다 푸르르다 싸다 예뻤다 익다 고되다 귀여우다 놀랍다 곱다 슬프다 구리다 가볍다 예뿌다 앙증맞다 쨍하다 젊다 힘겹다 맑다 푸르다 비싸다 남부럽다 과하다 박하다 쎄다 참하다 마땅찮다 연하다 슬푸다 밝다 빡세다 그립다 동그랗다 지리다 깊다 환하다 약하다 알맞다 멀다 까맣다 손쉽다 짠하다 수많다 두껍다 낫다 찹다 낡다 어이없다 멋지다 무덥다
송정해수욕장,0,틀림없다 알차다 흐드러지다 싫다 사이좋다 인상깊다 낯설다 외롭다 휑하다 하얗다 못지않다 따갑다 드물다 버겁다 덩그러다 달갑다 섭하다 시리다 드세다 바르다 가깝다 기막히다 거칠다 감명깊다 뜨거우다 주옥같다 힘차다 얕다 친하다 부끄럽다 헐벗다 반갑다 즐거우다 춥다 훤하다 적다 안타깝다 고르다 격하다 조그맣다 재미있다 뜨겁다 즐겁다 어지럽다 비좁다 기쁘다 끊임없다 재빠르다 지겹다 오래다 수줍다 적잖다 노랗다 쪼그맣다 싱그럽다 실하다 어렵다 아쉬우다 따시다 차다 가까우다 붉다 힘드다 거세다 번거롭다 하찮다 낮다 파랗다 희다 남다르다 좁다 잽싸다 손색없다 가파르다 새빨갛다 쿨하다 까다롭다 새롭다 속상하다 아름답다 귀엽다 뜻깊다 감질나다 색다르다 차갑다 재미없다 정신없다 흔하다 습하다 무섭다 쩔다 걸맞다 멋있다 빡쎄다 시끄럽다 무겁다 문제없다 급하다 드넓다 재미나다 활기차다 외지다 엄청나다 험하다 느리다 더럽다 징그럽다 짙다 묘하다 빠르다 귀하다 세차다 뿌옇다 커다랗다 아깝다 어둡다 서럽다 따숩다 어려우다 심심찮다 덥다 밤늦다 빨갛다 야물딱지다 야무지다 아름다우다 정겹다 흥겹다 새까맣다 더우다 쓸데없다 이쁘다 푸르르다 싸다 예뻤다 목마르다 고되다 냅다 귀여우다 특출나다 놀랍다 곱다 너그럽다 슬프다 구리다 가볍다 뻔하다 예뿌다 앙증맞다 쨍하다 젊다 힘겹다 드럽다 맑다 푸르다 비싸다 빡시다 불티나다 과하다 쎄다 연하다 보드랍다 밝다 빡세다 그립다 동그랗다 깊다 환하다 새파랗다 약하다 알맞다 멀다 까맣다 두껍다 수많다 낫다 뛰어나다 어설프다 찹다 낡다 어이없다 멋지다 후하다
해운대해수욕장,0,틀림없다 알차다 흐드러지다 싫다 사이좋다 인상깊다 낯설다 외롭다 휑하다 하얗다 못지않다 벌겋다 따갑다 해맑다 드물다 버겁다 덩그러다 섭하다 시리다 드세다 드높다 바르다 가깝다 거칠다 감명깊다 뜨거우다 힘차다 얕다 주옥같다 부끄럽다 반갑다 춥다 훤하다 미끄러우다 적다 안타깝다 고르다 조그맣다 재미있다 뜨겁다 즐겁다 우습다 어지럽다 넓디넓다 비좁다 기쁘다 끊임없다 새카맣다 재빠르다 지겹다 생뚱맞다 추우다 오래다 노랗다 실하다 어렵다 아쉬우다 차다 가까우다 애처롭다 붉다 힘드다 매섭다 오지다 거세다 번거롭다 하찮다 변함없다 낮다 파랗다 희다 값싸다 남다르다 좁다 여리다 손색없다 잽싸다 가파르다 줄기차다 새롭다 특별나다 속상하다 곧다 아름답다 귀엽다 순하다 즐거다 퍼렇다 뜻깊다 색다르다 차갑다 볼품없다 재미없다 정신없다 주의깊다 흔하다 습하다 값지다 무섭다 쩔다 눈부시다 찰지다 걸맞다 멋있다 정답다 두렵다 시끄럽다 촌스럽다 무겁다 희뿌옇다 급하다 멋들어지다 드넓다 재미나다 활기차다 엄청나다 벅차다 느리다 더럽다 징그럽다 짙다 좁디좁다 묘하다 빠르다 귀하다 세차다 뿌옇다 커다랗다 아깝다 옛스럽다 어둡다 어려우다 심심찮다 덥다 밤늦다 빨갛다 야무지다 정겹다 흥겹다 새까맣다 어두우다 더우다 쓸데없다 이쁘다 푸르르다 더러우다 싸다 예뻤다 목마르다 귀여우다 특출나다 후지다 놀랍다 곱다 너그럽다 슬프다 가볍다 뻔하다 예뿌다 앙증맞다 쨍하다 젊다 힘겹다 드럽다 맑다 푸르다 비싸다 단조롭다 남부럽다 과하다 쎄다 참하다 슬푸다 단촐하다 밝다 보드랍다 빡세다 그립다 동그랗다 깊다 환하다 약하다 알맞다 멀다 까맣다 두껍다 수많다 낫다 찹다 낡다 어이없다 멋지다 무덥다
일광해수욕장,0,틀림없다 알차다 흐드러지다 싫다 인상깊다 두드러지다 낯설다 외롭다 하얗다 못지않다 따갑다 해맑다 드물다 덩그러다 섭하다 시리다 드세다 바르다 가깝다 기막히다 거칠다 뜨거우다 힘차다 얕다 부끄럽다 반갑다 청승맞다 춥다 적다 안타깝다 고르다 어여쁘다 조그맣다 재미있다 뜨겁다 즐겁다 어지럽다 비좁다 기쁘다 끊임없다 재빠르다 지겹다 추우다 오래다 이롭다 수줍다 낯익다 노랗다 쪼그맣다 싱그럽다 실하다 어렵다 아쉬우다 따시다 차다 가쁘다 가까우다 붉다 힘드다 매섭다 오지다 거세다 번거롭다 하찮다 변함없다 낮다 파랗다 희다 남다르다 좁다 잽싸다 손색없다 가파르다 까다롭다 새롭다 속상하다 아름답다 귀엽다 순하다 즐거다 새로우다 뜻깊다 색다르다 차갑다 볼품없다 재미없다 정신없다 습하다 무섭다 쩔다 눈부시다 찰지다 걸맞다 미끄럽다 멋있다 두렵다 시끄럽다 촌스럽다 무겁다 문제없다 급하다 드넓다 재미나다 활기차다 엄청나다 험하다 벅차다 느리다 더럽다 경이롭다 징그럽다 짙다 그럴싸하다 묘하다 빠르다 귀하다 세차다 뿌옇다 커다랗다 아깝다 어둡다 어려우다 심심찮다 덥다 빨갛다 야무지다 아름다우다 정겹다 더우다 쓸데없다 이쁘다 더러우다 헛되다 싸다 예뻤다 귀여우다 놀랍다 곱다 슬프다 가볍다 뻔하다 예뿌다 앙증맞다 젊다 기똥차다 힘겹다 맑다 푸르다 비싸다 빡시다 과하다 박하다 쎄다 마땅찮다 연하다 슬푸다 단촐하다 밝다 빡세다 그립다 우중충하다 깊다 약하다 수많다 알맞다 까맣다 멀다 손쉽다 짠하다 두껍다 낫다 뛰어나다 어설프다 찹다 낡다 어이없다 멋지다
해운대온천센터,0,얄궂다 틀림없다 알차다 싫다 사이좋다 사납다 인상깊다 낯설다 외롭다 하얗다 못지않다 달디달다 따갑다 드물다 덩그러다 섭하다 시리다 드세다 바르다 가깝다 거칠다 뜨거우다 힘차다 얕다 살갑다 부끄럽다 친하다 즐거우다 반갑다 먹먹하다 춥다 훤하다 적다 안타깝다 고르다 격하다 조그맣다 재미있다 뜨겁다 우렁차다 즐겁다 우습다 어지럽다 넓디넓다 비좁다 기쁘다 끊임없다 재빠르다 지겹다 추우다 오래다 낯익다 노랗다 실하다 밉다 어렵다 아쉬우다 따시다 차다 가까우다 붉다 힘드다 오지다 거세다 번거롭다 하찮다 변함없다 낮다 파랗다 희다 값싸다 남다르다 좁다 잽싸다 손색없다 가파르다 뼈저리다 매끄럽다 까다롭다 새롭다 고풍스럽다 속상하다 곧다 아름답다 귀엽다 순하다 퍼렇다 뜻깊다 색다르다 차갑다 볼품없다 재미없다 정신없다 흔하다 습하다 무섭다 쩔다 눈부시다 찰지다 걸맞다 멋있다 두렵다 시끄럽다 촌스럽다 무겁다 문제없다 급하다 탁하다 멋들어지다 드넓다 재미나다 활기차다 엄청나다 씨다 험하다 벅차다 느리다 더럽다 징그럽다 짙다 그럴싸하다 묘하다 빠르다 폭넓다 귀하다 세차다 뿌옇다 새하얗다 커다랗다 아깝다 간드러지다 서럽다 높다랗다 어둡다 어려우다 따숩다 심심찮다 널럴하다 덥다 밤늦다 빨갛다 야물딱지다 야무지다 정겹다 새까맣다 어두우다 더우다 쓸데없다 이쁘다 푸르르다 싸다 예뻤다 목마르다 고되다 귀여우다 특출나다 놀랍다 곱다 슬프다 구리다 가볍다 예뿌다 앙증맞다 젊다 기똥차다 힘겹다 드럽다 맑다 푸르다 비싸다 단조롭다 과하다 쎄다 참하다 연하다 보드랍다 밝다 빡세다 그립다 동그랗다 지리다 깊다 환하다 족하다 새파랗다 약하다 알맞다 멀다 손쉽다 짠하다 수많다 두껍다 낫다 뛰어나다 어설프다 찹다 낡다 어이없다 멋지다 무덥다
부산어린이대공원,0,알차다 싫다 사이좋다 인상깊다 낯설다 외롭다 휑하다 하얗다 못지않다 따갑다 해맑다 드물다 버겁다 덩그러다 섭하다 끄떡없다 바르다 짓궂다 가깝다 거칠다 감명깊다 뜨거우다 힘차다 얕다 부끄럽다 반갑다 먹먹하다 춥다 훤하다 미끄러우다 적다 안타깝다 고르다 격하다 조그맣다 어여쁘다 재미있다 굳세다 뜨겁다 즐겁다 우습다 어지럽다 넓디넓다 기쁘다 끊임없다 재빠르다 지겹다 추우다 오래다 이롭다 서글프다 낯익다 적잖다 노랗다 실하다 밉다 어렵다 아쉬우다 따시다 차다 가까우다 어두다 붉다 힘드다 횡하다 거세다 번거롭다 낮다 변함없다 파랗다 희다 남다르다 좁다 여리다 손색없다 잽싸다 가파르다 줄기차다 매끄럽다 까다롭다 새롭다 특별나다 아름답다 귀엽다 순하다 즐거다 뜻깊다 감질나다 색다르다 차갑다 재미없다 정신없다 주의깊다 흔하다 습하다 무섭다 쩔다 눈부시다 뜻있다 찰지다 걸맞다 미끄럽다 멋있다 정답다 두렵다 시끄럽다 무겁다 문제없다 급하다 멋들어지다 드넓다 재미나다 활기차다 엄청나다 험하다 느리다 더럽다 징그럽다 짙다 그럴싸하다 묘하다 빠르다 귀하다 세차다 숨차다 새하얗다 커다랗다 아깝다 높다랗다 서럽다 어둡다 따숩다 어려우다 심심찮다 덥다 밤늦다 빨갛다 야무지다 정겹다 올곧다 더우다 쓸데없다 이쁘다 푸르르다 싸다 예뻤다 고되다 냅다 귀여우다 후지다 놀랍다 곱다 슬프다 구리다 가볍다 뻔하다 예뿌다 앙증맞다 쨍하다 젊다 기똥차다 힘겹다 드럽다 맑다 푸르다 비싸다 남부럽다 과하다 쎄다 연하다 단촐하다 밝다 빡세다 그립다 우중충하다 동그랗다 지리다 깊다 환하다 메마르다 새파랗다 약하다 알맞다 멀다 손쉽다 짠하다 수많다 두껍다 낫다 뛰어나다 어설프다 찹다 낡다 어이없다 멋지다
용두산공원,0,틀림없다 알차다 흐드러지다 싫다 사이좋다 인상깊다 낯설다 외롭다 휑하다 하얗다 못지않다 영하다 만만찮다 벌겋다 해맑다 드물다 버겁다 덩그러다 섭하다 시리다 가깝다 거칠다 감명깊다 뜨거우다 힘차다 얕다 친하다 부끄럽다 즐거우다 반갑다 청승맞다 춥다 훤하다 적다 안타깝다 고르다 굳세다 조그맣다 재미있다 뜨겁다 우렁차다 즐겁다 어지럽다 비좁다 기쁘다 끊임없다 빼어나다 지겹다 생뚱맞다 오래다 수줍다 낯익다 노랗다 싱그럽다 실하다 부시다 어렵다 아쉬우다 따시다 차다 가까우다 붉다 힘드다 오지다 거세다 번거롭다 하찮다 변함없다 낮다 파랗다 희다 남다르다 좁다 잽싸다 손색없다 가파르다 여유있다 매끄럽다 까다롭다 새롭다 속상하다 아름답다 귀엽다 순하다 즐거다 뜻깊다 감질나다 색다르다 차갑다 재미없다 정신없다 흔하다 습하다 무섭다 쩔다 눈부시다 걸맞다 미끄럽다 멋있다 두렵다 빡쎄다 시끄럽다 촌스럽다 무겁다 문제없다 급하다 드넓다 재미나다 활기차다 엄청나다 험하다 벅차다 느리다 더럽다 징그럽다 짙다 묘하다 빠르다 폭넓다 귀하다 세차다 뿌옇다 커다랗다 아깝다 옛스럽다 어둡다 따숩다 어려우다 심심찮다 덥다 밤늦다 빨갛다 야무지다 아름다우다 정겹다 흥겹다 어두우다 더우다 이쁘다 헛되다 싸다 귀여우다 냅다 특출나다 놀랍다 곱다 슬프다 구리다 가볍다 뻔하다 예뿌다 앙증맞다 쨍하다 젊다 기똥차다 힘겹다 맑다 푸르다 비싸다 빡시다 과하다 쎄다 연하다 단촐하다 밝다 보드랍다 빡세다 그립다 동그랗다 깊다 환하다 약하다 알맞다 멀다 까맣다 손쉽다 짠하다 수많다 두껍다 낫다 뛰어나다 어설프다 찹다 낡다 어이없다 멋지다 무덥다
부산 송도해수욕장,0,얄궂다 틀림없다 알차다 싫다 거침없다 인상깊다 낯설다 외롭다 하얗다 못지않다 달디달다 따갑다 지겨우다 드물다 덩그러다 달갑다 섭하다 시리다 드세다 드높다 바르다 가깝다 기막히다 거칠다 뜨거우다 힘차다 얕다 살갑다 부끄럽다 친하다 반갑다 춥다 훤하다 고우다 적다 안타깝다 보람차다 가엾다 고르다 굳세다 조그맣다 재미있다 뜨겁다 후하다 즐겁다 우습다 어지럽다 넓디넓다 비좁다 끊임없다 재빠르다 시렵다 지겹다 추우다 오래다 수줍다 적잖다 노랗다 싱그럽다 실하다 부시다 어렵다 아쉬우다 차다 가까우다 애처롭다 붉다 힘드다 오지다 거세다 번거롭다 하찮다 낮다 파랗다 희다 남다르다 좁다 잽싸다 손색없다 역하다 가파르다 새빨갛다 매끄럽다 까다롭다 새롭다 아름답다 귀엽다 새로우다 뜻깊다 색다르다 흔하다 차갑다 재미없다 정신없다 습하다 무섭다 쩔다 눈부시다 걸맞다 미끄럽다 멋있다 정답다 두렵다 빡쎄다 시끄럽다 촌스럽다 무겁다 문제없다 급하다 드넓다 재미나다 활기차다 엄청나다 느리다 더럽다 징그럽다 짙다 묘하다 빠르다 귀하다 세차다 뿌옇다 숨차다 커다랗다 아깝다 어둡다 서럽다 어려우다 널럴하다 덥다 밤늦다 빨갛다 야무지다 정겹다 흥겹다 새까맣다 어두우다 더우다 쓸데없다 이쁘다 푸르르다 싸다 예뻤다 귀여우다 냅다 놀랍다 곱다 슬프다 가볍다 예뿌다 앙증맞다 젊다 맑다 푸르다 비싸다 빡시다 과하다 박하다 쎄다 연하다 보드랍다 밝다 빡세다 그립다 동그랗다 깊다 환하다 새파랗다 약하다 수많다 알맞다 까맣다 멀다 손쉽다 짠하다 두껍다 낫다 뛰어나다 찹다 낡다 어이없다 멋지다 무덥다
맥도생태공원,0,틀림없다 알차다 흐드러지다 싫다 낯설다 외롭다 하얗다 못지않다 만만찮다 따갑다 해맑다 드물다 덩그러다 시리다 바르다 가깝다 얕다 친하다 부끄럽다 반갑다 춥다 미끄러우다 적다 안타깝다 보람차다 고르다 조그맣다 재미있다 뜨겁다 즐겁다 어지럽다 넓디넓다 기쁘다 빼어나다 지겹다 생뚱맞다 추우다 오래다 수줍다 서글프다 낯익다 적잖다 노랗다 싱그럽다 어렵다 아쉬우다 따시다 차다 가까우다 붉다 힘드다 거세다 낮다 하찮다 파랗다 희다 좁다 여리다 손색없다 잽싸다 가파르다 매끄럽다 새롭다 곧다 속상하다 아름답다 귀엽다 색다르다 흔하다 차갑다 정신없다 습하다 무섭다 쩔다 눈부시다 걸맞다 멋있다 빡쎄다 시끄럽다 무겁다 급하다 드넓다 재미나다 활기차다 엄청나다 파아랗다 느리다 더럽다 짙다 묘하다 빠르다 폭넓다 귀하다 세차다 따사롭다 새하얗다 커다랗다 아깝다 어둡다 뿌옇다 심심찮다 덥다 빨갛다 야무지다 아름다우다 정겹다 새까맣다 더우다 흉하다 이쁘다 싸다 귀여우다 놀랍다 곱다 샛노랗다 슬프다 구리다 가볍다 예뿌다 쨍하다 젊다 힘겹다 맑다 푸르다 비싸다 빡시다 쎄다 마땅찮다 밝다 빡세다 그립다 깊다 환하다 약하다 수많다 알맞다 까맣다 멀다 손쉽다 두껍다 낫다 뛰어나다 찹다 낡다 멋지다
부산 송도해상케이블카,0,얄궂다 틀림없다 알차다 싫다 사이좋다 사납다 인상깊다 낯설다 외롭다 하얗다 못지않다 만만찮다 따갑다 해맑다 드물다 덩그러다 시리다 바르다 짓궂다 가깝다 거칠다 감명깊다 힘차다 얕다 친하다 부끄럽다 즐거우다 반갑다 춥다 고우다 적다 안타깝다 가엾다 고르다 격하다 조그맣다 재미있다 뜨겁다 우렁차다 즐겁다 어지럽다 넓디넓다 비좁다 기쁘다 끊임없다 재빠르다 시렵다 지겹다 시퍼렇다 생뚱맞다 추우다 오래다 수줍다 노랗다 싱그럽다 실하다 밉다 부시다 어렵다 아쉬우다 차다 가까우다 가쁘다 붉다 힘드다 오지다 거세다 번거롭다 하찮다 변함없다 낮다 파랗다 희다 남다르다 좁다 잽싸다 손색없다 감쪽같다 가파르다 까다롭다 새롭다 속상하다 아름답다 귀엽다 순하다 뜻깊다 색다르다 차갑다 볼품없다 재미없다 정신없다 주의깊다 습하다 무섭다 쩔다 눈부시다 걸맞다 멋있다 정답다 두렵다 시끄럽다 촌스럽다 무겁다 급하다 드넓다 재미나다 활기차다 엄청나다 파아랗다 험하다 느리다 더럽다 경이롭다 짙다 그럴싸하다 묘하다 빠르다 폭넓다 귀하다 세차다 뿌옇다 숨차다 어둡다 아깝다 서럽다 따숩다 어려우다 널럴하다 덥다 빨갛다 야무지다 아름다우다 정겹다 흥겹다 어두우다 더우다 쓸데없다 이쁘다 푸르르다 싸다 예뻤다 고되다 냅다 귀여우다 후지다 놀랍다 곱다 슬프다 구리다 가볍다 뻔하다 예뿌다 앙증맞다 쨍하다 젊다 힘겹다 드럽다 맑다 푸르다 비싸다 쎄다 연하다 밝다 빡세다 그립다 우중충하다 동그랗다 깊다 환하다 약하다 수많다 알맞다 까맣다 멀다 손쉽다 짠하다 두껍다 낫다 뛰어나다 어설프다 찹다 낡다 어이없다 멋지다 후하다
절영해안산책로,0,틀림없다 알차다 싫다 사이좋다 사납다 꿈같다 점잖다 인상깊다 낯설다 외롭다 하얗다 못지않다 벌겋다 따갑다 쑥스럽다 지겨우다 드물다 버겁다 섭하다 시리다 드세다 바르다 가깝다 거칠다 감명깊다 뜨거우다 힘차다 얕다 살갑다 부끄럽다 반갑다 춥다 훤하다 적다 안타깝다 고르다 굳세다 조그맣다 재미있다 뜨겁다 우렁차다 즐겁다 어지럽다 비좁다 기쁘다 끊임없다 재빠르다 숱하다 시렵다 빼어나다 지겹다 추우다 오래다 이롭다 적잖다 노랗다 싱그럽다 밉다 부시다 어렵다 아쉬우다 차다 가까우다 붉다 힘드다 매섭다 오지다 거세다 낮다 하찮다 변함없다 파랗다 희다 남다르다 좁다 잽싸다 손색없다 감쪽같다 가파르다 쿨하다 매끄럽다 까다롭다 새롭다 아름답다 귀엽다 순하다 즐거다 새로우다 뜻깊다 색다르다 차갑다 재미없다 정신없다 주의깊다 흔하다 습하다 무섭다 쩔다 눈부시다 걸맞다 멋있다 정답다 두렵다 시끄럽다 무겁다 희뿌옇다 문제없다 급하다 드넓다 재미나다 활기차다 엄청나다 험하다 느리다 더럽다 경이롭다 짙다 좁디좁다 그럴싸하다 묘하다 빠르다 폭넓다 귀하다 세차다 뿌옇다 숨차다 커다랗다 아깝다 어둡다 서럽다 따숩다 어려우다 심심찮다 똑바르다 희망차다 덥다 빨갛다 야무지다 아름다우다 정겹다 올곧다 흥겹다 용하다 더우다 쓸데없다 이쁘다 푸르르다 싸다 예뻤다 귀여우다 놀랍다 곱다 슬프다 구리다 가볍다 예뿌다 앙증맞다 젊다 성스럽다 힘겹다 나긋나긋하다 맑다 푸르다 비싸다 빡시다 과하다 쎄다 마땅찮다 연하다 보드랍다 밝다 빡세다 동그랗다 깊다 환하다 족하다 약하다 알맞다 멀다 까맣다 손쉽다 짠하다 수많다 두껍다 낫다 뛰어나다 찹다 높디높다 낡다 어이없다 멋지다 무덥다
부산대교,0,틀림없다 알차다 싫다 사납다 인상깊다 낯설다 외롭다 하얗다 못지않다 달디달다 따갑다 해맑다 쑥스럽다 드물다 놀라우다 덩그러다 섭하다 시리다 드세다 바르다 가깝다 캄캄하다 거칠다 기막히다 뜨거우다 힘차다 얕다 부끄럽다 반갑다 춥다 훤하다 미끄러우다 적다 안타깝다 보람차다 고르다 굳세다 조그맣다 재미있다 서툴다 뜨겁다 즐겁다 우습다 어지럽다 비좁다 기쁘다 끊임없다 재빠르다 지겹다 생뚱맞다 추우다 오래다 이롭다 수줍다 짙푸르다 낯익다 노랗다 맑디맑다 실하다 부시다 어렵다 아쉬우다 따시다 차다 가까우다 붉다 힘드다 오지다 번거롭다 하찮다 낮다 파랗다 희다 좁다 여리다 손색없다 잽싸다 가파르다 뼈저리다 매끄럽다 새롭다 퍼렇다 속상하다 아름답다 귀엽다 순하다 뜻깊다 색다르다 차갑다 재미없다 정신없다 흔하다 습하다 값지다 무섭다 쩔다 눈부시다 걸맞다 미끄럽다 멋있다 두렵다 시끄럽다 촌스럽다 무겁다 문제없다 급하다 드넓다 재미나다 활기차다 외지다 엄청나다 파아랗다 느리다 더럽다 경이롭다 징그럽다 짙다 그럴싸하다 묘하다 빠르다 귀하다 세차다 뿌옇다 새하얗다 커다랗다 아깝다 어둡다 서럽다 어려우다 심심찮다 덥다 밤늦다 빨갛다 야물딱지다 야무지다 아름다우다 정겹다 흥겹다 새까맣다 어두우다 더우다 쓸데없다 이쁘다 푸르르다 싸다 예뻤다 고되다 귀여우다 후지다 놀랍다 곱다 슬프다 구리다 가볍다 뻔하다 예뿌다 앙증맞다 쨍하다 젊다 힘겹다 드럽다 맑다 푸르다 비싸다 빡시다 남부럽다 과하다 쎄다 연하다 슬푸다 보드랍다 밝다 빡세다 그립다 동그랗다 지리다 깊다 환하다 약하다 알맞다 멀다 까맣다 유례없다 짠하다 수많다 두껍다 낫다 뛰어나다 어설프다 낡다 멋없다 어이없다 멋지다 무덥다
75광장,0,알차다 싫다 사이좋다 인상깊다 낯설다 외롭다 하얗다 못지않다 가깝다 얕다 반갑다 춥다 적다 안타깝다 고르다 재미있다 즐겁다 기쁘다 지겹다 수줍다 적잖다 싱그럽다 어렵다 아쉬우다 차다 굳세다 붉다 힘드다 번거롭다 하찮다 낮다 희다 좁다 가파르다 줄기차다 새롭다 아름답다 귀엽다 순하다 차갑다 습하다 무섭다 걸맞다 미끄럽다 멋있다 시끄럽다 급하다 드넓다 엄청나다 험하다 벅차다 묘하다 빠르다 귀하다 아깝다 서럽다 덥다 빨갛다 야무지다 정겹다 흥겹다 쓸데없다 이쁘다 예뻤다 놀랍다 곱다 가볍다 예뿌다 앙증맞다 쨍하다 젊다 맑다 푸르다 비싸다 쎄다 마땅찮다 연하다 밝다 빡세다 그립다 지리다 깊다 환하다 수많다 알맞다 까맣다 멀다 손쉽다 낫다 찹다 멋없다 어이없다 멋지다 후하다
깡깡이 예술마을,0,틀림없다 알차다 싫다 인상깊다 낯설다 하얗다 못지않다 따갑다 드물다 섭하다 가깝다 거칠다 얕다 부끄럽다 반갑다 청승맞다 춥다 미끄러우다 적다 안타깝다 고르다 굳세다 재미있다 뜨겁다 즐겁다 어지럽다 넓디넓다 비좁다 시렵다 빼어나다 이롭다 적잖다 어렵다 아쉬우다 가까우다 붉다 힘드다 거세다 낮다 파랗다 변함없다 희다 남다르다 좁다 손색없다 가파르다 뼈저리다 새롭다 아름답다 귀엽다 즐거다 뜻깊다 감질나다 색다르다 흔하다 차갑다 정신없다 습하다 무섭다 눈부시다 찰지다 걸맞다 멋있다 두렵다 시끄럽다 촌스럽다 급하다 드넓다 엄청나다 느리다 짙다 좁디좁다 묘하다 빠르다 폭넓다 귀하다 세차다 커다랗다 아깝다 옛스럽다 어둡다 덥다 야무지다 정겹다 더우다 쓸데없다 이쁘다 싸다 목마르다 놀랍다 곱다 슬프다 구리다 가볍다 예뿌다 앙증맞다 쨍하다 젊다 기똥차다 맑다 푸르다 비싸다 빡시다 과하다 쎄다 연하다 밝다 그립다 깊다 환하다 약하다 수많다 멀다 짠하다 억세다 낫다 낡다 어이없다 멋지다
팬스타부산주말원나잇크루즈,0,고달프다 알차다 싫다 사이좋다 거침없다 인상깊다 두드러지다 낯설다 외롭다 하얗다 못지않다 만만찮다 해맑다 덩그러다 즐거웁다 섭하다 바르다 드세다 짓궂다 가깝다 거칠다 감명깊다 뜨거우다 얕다 친하다 반갑다 춥다 적다 안타깝다 보람차다 고르다 조그맣다 재미있다 서툴다 뜨겁다 후하다 즐겁다 우습다 기쁘다 끊임없다 재빠르다 지겹다 추우다 오래다 수줍다 노랗다 실하다 어렵다 아쉬우다 차다 가까우다 붉다 힘드다 오지다 낮다 하찮다 파랗다 희다 요상하다 좁다 잽싸다 가파르다 줄기차다 매끄럽다 까다롭다 새롭다 곧다 아름답다 귀엽다 순하다 뜻깊다 색다르다 차갑다 재미없다 정신없다 흔하다 습하다 무섭다 쩔다 눈부시다 걸맞다 멋있다 시끄럽다 무겁다 급하다 드넓다 재미나다 엄청나다 느리다 짙다 묘하다 빠르다 폭넓다 귀하다 세차다 뿌옇다 새하얗다 어둡다 아깝다 숨차다 덥다 야무지다 아름다우다 흥겹다 용하다 어두우다 더우다 누리다 쓸데없다 이쁘다 헛되다 싸다 예뻤다 귀여우다 냅다 특출나다 후지다 놀랍다 곱다 슬프다 가볍다 뻔하다 예뿌다 앙증맞다 젊다 힘겹다 드럽다 맑다 푸르다 비싸다 빡시다 불티나다 과하다 박하다 쎄다 마땅찮다 밝다 빡세다 그립다 동그랗다 지리다 깊다 환하다 족하다 약하다 알맞다 멀다 유례없다 두껍다 수많다 낫다 어설프다 낡다 어이없다 멋지다 무덥다
송도반도,0,흔하다 싸다 기쁘다 무섭다 눈부시다 알차다 싫다 멋있다 시끄럽다 놀랍다 곱다 급하다 즐겁다 가볍다 활기차다 앙증맞다 엄청나다 싱그럽다 젊다 못지않다 어렵다 느리다 징그럽다 짙다 맑다 힘드다 드물다 비싸다 묘하다 빠르다 쎄다 어둡다 낮다 이쁘다 밝다 가깝다 희다 뜨거우다 좁다 덥다 환하다 빨갛다 즐거우다 야무지다 반갑다 감쪽같다 가파르다 멀다 춥다 적다 새롭다 수많다 귀엽다 아름답다 안타깝다 굳세다 낡다 뜻깊다 재미있다 멋지다 뜨겁다 어지럽다
금정산성마을 먹거리촌,0,흔하다 싸다 비좁다 습하다 무섭다 눈부시다 빼어나다 지겹다 알차다 싫다 미끄럽다 멋있다 시끄럽다 놀랍다 무겁다 급하다 드넓다 가볍다 뻔하다 엄청나다 젊다 못지않다 힘겹다 어렵다 느리다 더럽다 짙다 붉다 맑다 푸르다 비싸다 차갑다 해맑다 힘드다 빠르다 폭넓다 바르다 낮다 이쁘다 변함없다 밝다 빡세다 거칠다 희다 가깝다 힘차다 덥다 좁다 빨갛다 깊다 야무지다 반갑다 약하다 가파르다 멀다 춥다 알맞다 적다 까다롭다 새롭다 수많다 귀엽다 낫다 찹다 곧다 아름답다 누리다 뛰어나다 재미있다 안타깝다 쓸데없다 멋지다 뜨겁다 색다르다 즐겁다 넓디넓다
부산 치유의 숲,0,검붉다 틀림없다 알차다 흐드러지다 싫다 사이좋다 점잖다 인상깊다 낯설다 외롭다 휑하다 하얗다 못지않다 만만찮다 따갑다 해맑다 드물다 섭하다 끄떡없다 바르다 드높다 가깝다 기막히다 거칠다 힘차다 얕다 친하다 부끄럽다 헐벗다 반갑다 춥다 적다 안타깝다 고르다 격하다 조그맣다 재미있다 뜨겁다 즐겁다 우습다 어지럽다 넓디넓다 비좁다 기쁘다 끊임없다 재빠르다 지겹다 추우다 오래다 이롭다 수줍다 서글프다 낯익다 노랗다 맑디맑다 싱그럽다 실하다 밉다 부시다 어렵다 아쉬우다 차다 가까우다 가쁘다 붉다 힘드다 거세다 번거롭다 하찮다 변함없다 낮다 파랗다 희다 남다르다 좁다 잽싸다 손색없다 노오랗다 유별나다 가파르다 뼈저리다 줄기차다 까다롭다 새롭다 곧다 아름답다 귀엽다 순하다 뜻깊다 감질나다 색다르다 차갑다 볼품없다 재미없다 정신없다 주의깊다 흔하다 습하다 무섭다 쩔다 눈부시다 걸맞다 미끄럽다 멋있다 정답다 두렵다 빡쎄다 시끄럽다 촌스럽다 무겁다 문제없다 급하다 드넓다 재미나다 활기차다 엄청나다 험하다 벅차다 느리다 더럽다 징그럽다 짙다 그럴싸하다 묘하다 빠르다 귀하다 세차다 뿌옇다 커다랗다 아깝다 어둡다 따숩다 어려우다 심심찮다 덥다 밤늦다 빨갛다 야무지다 아름다우다 정겹다 올곧다 흥겹다 용하다 어두우다 더우다 누리다 쓸데없다 이쁘다 푸르르다 헛되다 싸다 익다 고되다 냅다 귀여우다 놀랍다 곱다 슬프다 가볍다 뻔하다 예뿌다 앙증맞다 쨍하다 젊다 힘겹다 드럽다 맑다 푸르다 비싸다 빡시다 과하다 박하다 쎄다 연하다 단촐하다 밝다 보드랍다 빡세다 그립다 동그랗다 깊다 환하다 족하다 새파랗다 약하다 알맞다 멀다 까맣다 유례없다 손쉽다 짠하다 수많다 두껍다 낫다 억세다 뛰어나다 찹다 낡다 어이없다 멋지다 무덥다
안데르센 동화마을,0,고달프다 틀림없다 알차다 흐드러지다 싫다 사이좋다 사납다 인상깊다 낯설다 외롭다 휑하다 하얗다 못지않다 따갑다 해맑다 드물다 버겁다 덩그러다 달갑다 섭하다 시리다 드세다 바르다 가깝다 캄캄하다 거칠다 뜨거우다 힘차다 얕다 살갑다 부끄럽다 친하다 헐벗다 반갑다 춥다 훤하다 적다 안타깝다 고르다 조그맣다 재미있다 뜨겁다 즐겁다 우습다 어지럽다 넓디넓다 비좁다 기쁘다 끊임없다 재빠르다 숱하다 빼어나다 지겹다 생뚱맞다 추우다 오래다 수줍다 적잖다 노랗다 싱그럽다 밉다 어렵다 아쉬우다 따시다 차다 가쁘다 가까우다 붉다 힘드다 매섭다 오지다 거세다 번거롭다 하찮다 변함없다 낮다 파랗다 희다 남다르다 좁다 잽싸다 손색없다 노오랗다 가파르다 줄기차다 매끄럽다 까다롭다 새롭다 곧다 속상하다 아름답다 귀엽다 즐거다 뜻깊다 색다르다 차갑다 볼품없다 재미없다 정신없다 흔하다 습하다 무섭다 쩔다 눈부시다 뜻있다 걸맞다 미끄럽다 멋있다 시끄럽다 촌스럽다 무겁다 문제없다 급하다 드넓다 재미나다 활기차다 엄청나다 아낌없다 씨다 험하다 벅차다 느리다 더럽다 경이롭다 징그럽다 좁디좁다 짙다 묘하다 빠르다 폭넓다 귀하다 세차다 따사롭다 새하얗다 커다랗다 아깝다 어둡다 서럽다 뿌옇다 따숩다 어려우다 심심찮다 덥다 숨차다 빨갛다 야물딱지다 야무지다 아름다우다 정겹다 올곧다 용하다 어두우다 더우다 흉하다 누리다 쓸데없다 이쁘다 푸르르다 더러우다 헛되다 싸다 예뻤다 목마르다 고되다 냅다 귀여우다 놀랍다 곱다 슬프다 구리다 가볍다 뻔하다 예뿌다 앙증맞다 쨍하다 젊다 힘겹다 드럽다 맑다 푸르다 비싸다 찡하다 눈물겹다 박하다 쎄다 과하다 연하다 슬푸다 단촐하다 밝다 보드랍다 빡세다 그립다 우중충하다 동그랗다 깊다 환하다 새파랗다 약하다 많고많다 알맞다 까맣다 멀다 유례없다 손쉽다 짠하다 수많다 두껍다 낫다 뛰어나다 찹다 낡다 어이없다 멋지다 후하다
회동수원지,0,틀림없다 알차다 싫다 인상깊다 드물다 가깝다 부끄럽다 반갑다 춥다 적다 안타깝다 고르다 재미있다 뜨겁다 즐겁다 우습다 기쁘다 수줍다 노랗다 실하다 어렵다 아쉬우다 차다 가까우다 붉다 힘드다 매섭다 낮다 파랗다 변함없다 남다르다 좁다 새빨갛다 새롭다 아름답다 귀엽다 뜻깊다 색다르다 흔하다 정신없다 습하다 무섭다 걸맞다 멋있다 두렵다 시끄럽다 무겁다 급하다 멋들어지다 엄청나다 벅차다 느리다 짙다 묘하다 빠르다 귀하다 어둡다 옛스럽다 덥다 빨갛다 야무지다 이쁘다 싸다 익다 귀여우다 놀랍다 곱다 슬프다 가볍다 예뿌다 앙증맞다 젊다 힘겹다 맑다 푸르다 비싸다 빡시다 과하다 연하다 슬푸다 밝다 동그랗다 깊다 약하다 수많다 멀다 까맣다 두껍다 낫다 찹다 낡다 멋지다
호천마을,0,알차다 싫다 인상깊다 낯설다 외롭다 하얗다 못지않다 드물다 버겁다 덩그러다 섭하다 가깝다 거칠다 감명깊다 부끄럽다 반갑다 춥다 적다 고르다 조그맣다 재미있다 뜨겁다 즐겁다 비좁다 기쁘다 재빠르다 지겹다 추우다 오래다 어렵다 아쉬우다 차다 어두다 붉다 힘드다 매섭다 오지다 거세다 낮다 파랗다 희다 남다르다 좁다 손색없다 감쪽같다 가파르다 새롭다 곧다 속상하다 아름답다 귀엽다 순하다 뜻깊다 색다르다 차갑다 재미없다 정신없다 흔하다 습하다 값지다 무섭다 걸맞다 멋있다 두렵다 시끄럽다 급하다 드넓다 활기차다 엄청나다 씨다 험하다 느리다 더럽다 짙다 묘하다 빠르다 뿌옇다 커다랗다 아깝다 어둡다 어려우다 덥다 빨갛다 야무지다 정겹다 용하다 더우다 쓸데없다 이쁘다 푸르르다 싸다 고되다 귀여우다 놀랍다 곱다 슬프다 가볍다 뻔하다 예뿌다 앙증맞다 쨍하다 젊다 힘겹다 맑다 푸르다 비싸다 쎄다 밝다 그립다 깊다 환하다 빡세다 약하다 알맞다 멀다 손쉽다 수많다 낫다 찹다 낡다 어이없다 멋지다
죽성성당(드림세트장),0,틀림없다 알차다 싫다 사이좋다 사납다 점잖다 인상깊다 낯설다 휑하다 하얗다 못지않다 따갑다 해맑다 드물다 버겁다 덩그러다 섭하다 시리다 바르다 가깝다 거칠다 뜨거우다 힘차다 얕다 친하다 부끄럽다 반갑다 청승맞다 춥다 적다 안타깝다 고르다 어여쁘다 조그맣다 재미있다 뜨겁다 즐겁다 우습다 어지럽다 넓디넓다 비좁다 기쁘다 새카맣다 숱하다 빼어나다 지겹다 생뚱맞다 추우다 오래다 수줍다 노랗다 싱그럽다 실하다 부시다 어렵다 아쉬우다 차다 가까우다 붉다 힘드다 매섭다 오지다 거세다 낮다 하찮다 변함없다 파랗다 희다 남다르다 좁다 여리다 손색없다 잽싸다 역하다 가파르다 까다롭다 새롭다 특별나다 속상하다 아름답다 귀엽다 순하다 새로우다 뜻깊다 색다르다 차갑다 재미없다 정신없다 흔하다 습하다 무섭다 눈부시다 걸맞다 멋있다 정답다 시끄럽다 촌스럽다 무겁다 급하다 멋들어지다 드넓다 재미나다 활기차다 엄청나다 험하다 벅차다 느리다 더럽다 경이롭다 징그럽다 짙다 그럴싸하다 묘하다 빠르다 귀하다 세차다 뿌옇다 숨차다 어둡다 아깝다 따숩다 어려우다 덥다 밤늦다 빨갛다 야물딱지다 야무지다 정겹다 용하다 새까맣다 더우다 누리다 쓸데없다 이쁘다 헛되다 싸다 예뻤다 귀여우다 놀랍다 곱다 슬프다 가볍다 뻔하다 예뿌다 앙증맞다 쨍하다 젊다 힘겹다 드럽다 맑다 푸르다 비싸다 빡시다 과하다 박하다 쎄다 마땅찮다 연하다 단촐하다 밝다 빡세다 그립다 우중충하다 동그랗다 깊다 환하다 약하다 알맞다 멀다 까맣다 손쉽다 짠하다 수많다 두껍다 낫다 억세다 뛰어나다 찹다 낡다 어이없다 멋지다 무덥다
부산엑스더스카이,0,틀림없다 알차다 흐드러지다 싫다 사이좋다 거침없다 사납다 인상깊다 낯설다 외롭다 휑하다 하얗다 못지않다 만만찮다 벌겋다 따갑다 해맑다 드물다 버겁다 덩그러다 달갑다 섭하다 끄떡없다 시리다 드높다 가깝다 거칠다 힘차다 얕다 살갑다 부끄럽다 반갑다 먹먹하다 춥다 적다 안타깝다 고르다 조그맣다 재미있다 뜨겁다 즐겁다 어지럽다 그리우다 비좁다 기쁘다 재빠르다 숱하다 지겹다 시퍼렇다 생뚱맞다 오래다 수줍다 낯익다 노랗다 쪼그맣다 싱그럽다 실하다 어렵다 아쉬우다 차다 가까우다 어두다 붉다 힘드다 매섭다 오지다 거세다 번거롭다 하찮다 낮다 파랗다 남다르다 좁다 여리다 손색없다 새빨갛다 새롭다 퍼렇다 속상하다 아름답다 귀엽다 즐거다 뜻깊다 색다르다 차갑다 재미없다 정신없다 흔하다 습하다 값지다 무섭다 쩔다 눈부시다 걸맞다 멋있다 시끄럽다 촌스럽다 무겁다 문제없다 급하다 드넓다 재미나다 활기차다 엄청나다 느리다 더럽다 경이롭다 징그럽다 짙다 묘하다 빠르다 폭넓다 귀하다 세차다 뿌옇다 커다랗다 아깝다 높다랗다 서럽다 어둡다 어려우다 심심찮다 널럴하다 덥다 빨갛다 야무지다 아름다우다 정겹다 어두우다 더우다 쓸데없다 이쁘다 푸르르다 싸다 예뻤다 귀여우다 냅다 특출나다 놀랍다 곱다 슬프다 구리다 가볍다 뻔하다 예뿌다 앙증맞다 쨍하다 젊다 드럽다 맑다 푸르다 비싸다 불티나다 과하다 쎄다 연하다 밝다 빡세다 그립다 동그랗다 깊다 환하다 족하다 약하다 알맞다 멀다 손쉽다 두껍다 수많다 낫다 찹다 어설프다 낡다 어이없다 멋지다
해운대 블루라인파크,0,고달프다 얄궂다 틀림없다 알차다 흐드러지다 싫다 사이좋다 점잖다 인상깊다 낯설다 외롭다 휑하다 하얗다 못지않다 영하다 따갑다 해맑다 드물다 덩그러다 달갑다 섭하다 시리다 드세다 바르다 가깝다 거칠다 감명깊다 주옥같다 힘차다 얕다 살갑다 부끄럽다 친하다 반갑다 먹먹하다 춥다 훤하다 미끄러우다 적다 안타깝다 고르다 조그맣다 재미있다 뜨겁다 우렁차다 즐겁다 우습다 어지럽다 비좁다 기쁘다 재빠르다 숱하다 지겹다 추우다 수줍다 노랗다 맑디맑다 어렵다 아쉬우다 차다 가까우다 붉다 힘드다 거세다 번거롭다 낮다 파랗다 값싸다 남다르다 좁다 잽싸다 가파르다 새빨갛다 까다롭다 새롭다 곧다 속상하다 아름답다 귀엽다 새로우다 뜻깊다 색다르다 차갑다 재미없다 정신없다 흔하다 습하다 무섭다 쩔다 눈부시다 걸맞다 미끄럽다 멋있다 두렵다 시끄럽다 무겁다 급하다 드넓다 재미나다 엄청나다 벅차다 느리다 더럽다 징그럽다 짙다 묘하다 빠르다 세차다 뿌옇다 커다랗다 아깝다 어둡다 서럽다 어려우다 덥다 빨갛다 야물딱지다 야무지다 아름다우다 정겹다 어두우다 더우다 쓸데없다 이쁘다 푸르르다 더러우다 싸다 예뻤다 고되다 귀여우다 특출나다 놀랍다 곱다 슬프다 구리다 가볍다 뻔하다 예뿌다 앙증맞다 쨍하다 젊다 맑다 푸르다 비싸다 과하다 박하다 쎄다 연하다 단촐하다 밝다 빡세다 그립다 동그랗다 깊다 환하다 약하다 알맞다 멀다 까맣다 두껍다 수많다 낫다 뛰어나다 찹다 낡다 어이없다 멋지다
영도 청학배수지 전망대,0,알차다 싫다 인상깊다 낯설다 휑하다 하얗다 못지않다 벌겋다 해맑다 드물다 섭하다 시리다 가깝다 거칠다 뜨거우다 힘차다 얕다 부끄럽다 과하다 춥다 적다 안타깝다 고르다 조그맣다 재미있다 뜨겁다 즐겁다 어지럽다 비좁다 기쁘다 재빠르다 지겹다 생뚱맞다 오래다 짙푸르다 맑디맑다 실하다 어렵다 아쉬우다 애처롭다 붉다 힘드다 매섭다 낮다 파랗다 변함없다 희다 좁다 손색없다 유별나다 가파르다 뼈저리다 새롭다 속상하다 아름답다 귀엽다 즐거다 뜻깊다 색다르다 차갑다 정신없다 흔하다 습하다 무섭다 쩔다 눈부시다 미끄럽다 멋있다 두렵다 시끄럽다 촌스럽다 무겁다 급하다 드넓다 엄청나다 험하다 느리다 더럽다 짙다 좁디좁다 묘하다 빠르다 세차다 뿌옇다 커다랗다 아깝다 어둡다 널럴하다 덥다 야무지다 정겹다 용하다 더우다 이쁘다 싸다 목마르다 귀여우다 놀랍다 슬프다 구리다 가볍다 예뿌다 앙증맞다 젊다 맑다 푸르다 비싸다 빡시다 쎄다 밝다 빡세다 그립다 동그랗다 깊다 환하다 약하다 알맞다 멀다 까맣다 유례없다 손쉽다 수많다 낫다 높디높다 낡다 어이없다 멋지다
우암동 도시 숲,0,고달프다 검붉다 틀림없다 알차다 흐드러지다 싫다 사이좋다 거침없다 사납다 점잖다 인상깊다 두드러지다 낯설다 외롭다 휑하다 하얗다 못지않다 영하다 한결같다 만만찮다 벌겋다 따갑다 해맑다 쑥스럽다 드물다 버겁다 덩그러다 섭하다 끄떡없다 가깝다 캄캄하다 거칠다 기막히다 힘차다 얕다 친하다 부끄럽다 주옥같다 반갑다 춥다 훤하다 적다 안타깝다 고르다 격하다 조그맣다 재미있다 굳세다 뜨겁다 우렁차다 즐겁다 우습다 어지럽다 넓디넓다 그리우다 비좁다 기쁘다 끊임없다 재빠르다 숱하다 빼어나다 지겹다 생뚱맞다 오래다 이롭다 수줍다 낯익다 적잖다 노랗다 맑디맑다 싱그럽다 실하다 밉다 어렵다 아쉬우다 따시다 차다 가쁘다 가까우다 어두다 붉다 힘드다 매섭다 오지다 빛바래다 모자라다 거세다 번거롭다 하찮다 변함없다 낮다 파랗다 희다 남다르다 좁다 잽싸다 손색없다 역하다 감쪽같다 유별나다 가파르다 새빨갛다 줄기차다 매끄럽다 까다롭다 새롭다 곧다 속상하다 아름답다 귀엽다 퍼렇다 순하다 즐거다 뜻깊다 색다르다 차갑다 재미없다 정신없다 흔하다 습하다 무섭다 쩔다 눈부시다 뜻있다 걸맞다 미끄럽다 멋있다 정답다 두렵다 빡쎄다 시끄럽다 무겁다 문제없다 급하다 드넓다 재미나다 활기차다 외지다 엄청나다 아낌없다 험하다 벅차다 느리다 더럽다 징그럽다 짙다 그럴싸하다 묘하다 빠르다 폭넓다 귀하다 세차다 뿌옇다 숨차다 커다랗다 아깝다 옛스럽다 서럽다 어둡다 따숩다 어려우다 심심찮다 덥다 밤늦다 빨갛다 야물딱지다 야무지다 아름다우다 정겹다 올곧다 흥겹다 새까맣다 어두우다 더우다 흉하다 누리다 쓸데없다 이쁘다 푸르르다 헛되다 싸다 예뻤다 익다 목마르다 고되다 냅다 귀여우다 특출나다 놀랍다 곱다 너그럽다 슬프다 구리다 가볍다 뻔하다 예뿌다 앙증맞다 젊다 성스럽다 기똥차다 힘겹다 시뻘겋다 드럽다 맑다 푸르다 비싸다 빡시다 남부럽다 과하다 박하다 쎄다 연하다 단촐하다 밝다 보드랍다 빡세다 그립다 동그랗다 지리다 깊다 환하다 메마르다 새파랗다 약하다 알맞다 멀다 까맣다 손쉽다 짠하다 수많다 두껍다 낫다 억세다 어설프다 뛰어나다 찹다 낡다 어이없다 멋지다 무덥다
흰여울문화마을,0,알차다 싫다 사납다 인상깊다 낯설다 외롭다 하얗다 못지않다 한결같다 벌겋다 따갑다 해맑다 쑥스럽다 지겨우다 드물다 덩그러다 달갑다 섭하다 시리다 바르다 가깝다 거칠다 감명깊다 뜨거우다 힘차다 얕다 살갑다 부끄럽다 친하다 반갑다 춥다 훤하다 적다 안타깝다 고르다 격하다 조그맣다 어여쁘다 재미있다 뜨겁다 후하다 즐겁다 우습다 어지럽다 비좁다 기쁘다 새카맣다 재빠르다 지겹다 시퍼렇다 추우다 오래다 수줍다 서글프다 노랗다 맑디맑다 실하다 부시다 어렵다 아쉬우다 따시다 차다 가까우다 붉다 힘드다 매섭다 오지다 번거롭다 하찮다 변함없다 낮다 파랗다 희다 값싸다 남다르다 좁다 잽싸다 손색없다 감쪽같다 가파르다 줄기차다 매끄럽다 까다롭다 새롭다 속상하다 아름답다 귀엽다 순하다 색다르다 차갑다 재미없다 정신없다 주의깊다 흔하다 습하다 무섭다 쩔다 눈부시다 찰지다 걸맞다 미끄럽다 멋있다 두렵다 시끄럽다 촌스럽다 무겁다 희뿌옇다 급하다 탁하다 드넓다 재미나다 활기차다 외지다 엄청나다 험하다 벅차다 느리다 더럽다 징그럽다 짙다 좁디좁다 묘하다 빠르다 귀하다 세차다 뿌옇다 숨차다 커다랗다 아깝다 어둡다 따숩다 어려우다 심심찮다 널럴하다 덥다 밤늦다 빨갛다 야물딱지다 야무지다 정겹다 흥겹다 새까맣다 어두우다 더우다 흉하다 누리다 쓸데없다 이쁘다 푸르르다 헛되다 싸다 예뻤다 귀여우다 냅다 놀랍다 곱다 슬프다 구리다 가볍다 예뿌다 앙증맞다 쨍하다 젊다 성스럽다 기똥차다 힘겹다 드럽다 맑다 푸르다 비싸다 불티나다 과하다 쎄다 연하다 슬푸다 단촐하다 밝다 빡세다 그립다 동그랗다 깊다 환하다 새파랗다 약하다 알맞다 멀다 까맣다 수많다 억세다 낫다 찹다 어설프다 낡다 멋없다 어이없다 멋지다 무덥다
기장해녀촌(연화리횟촌),0,틀림없다 알차다 싫다 사이좋다 인상깊다 낯설다 외롭다 하얗다 못지않다 달디달다 벌겋다 따갑다 해맑다 지겨우다 덩그러다 달갑다 섭하다 드세다 가깝다 뜨거우다 얕다 친하다 부끄럽다 반갑다 춥다 훤하다 적다 안타깝다 보람차다 고르다 조그맣다 재미있다 뜨겁다 즐겁다 어지럽다 비좁다 재빠르다 수줍다 낯익다 맑디맑다 싱그럽다 실하다 어렵다 아쉬우다 따시다 차다 가까우다 붉다 힘드다 오지다 번거롭다 하찮다 변함없다 낮다 파랗다 희다 요상하다 남다르다 좁다 잽싸다 손색없다 역하다 가파르다 까다롭다 새롭다 속상하다 아름답다 귀엽다 순하다 새로우다 색다르다 흔하다 차갑다 재미없다 정신없다 습하다 무섭다 쩔다 눈부시다 걸맞다 미끄럽다 멋있다 정답다 빡쎄다 시끄럽다 촌스럽다 무겁다 급하다 드넓다 활기차다 엄청나다 씨다 험하다 느리다 더럽다 경이롭다 징그럽다 짙다 묘하다 빠르다 귀하다 뿌옇다 새하얗다 커다랗다 아깝다 어둡다 어려우다 널럴하다 덥다 밤늦다 빨갛다 야물딱지다 야무지다 아름다우다 용하다 새까맣다 더우다 쓸데없다 이쁘다 푸르르다 싸다 냅다 특출나다 놀랍다 곱다 슬프다 구리다 가볍다 뻔하다 예뿌다 앙증맞다 쨍하다 젊다 기똥차다 힘겹다 드럽다 맑다 푸르다 비싸다 남부럽다 과하다 쎄다 연하다 단촐하다 밝다 보드랍다 빡세다 그립다 동그랗다 지리다 깊다 환하다 족하다 수많다 알맞다 까맣다 멀다 손쉽다 짠하다 두껍다 낫다 찹다 낡다 어이없다 멋지다
이중섭거리,0,알차다 싫다 낯설다 못지않다 따갑다 드물다 덩그러다 가깝다 얕다 부끄럽다 과하다 반갑다 춥다 적다 안타깝다 고르다 재미있다 뜨겁다 즐겁다 오래다 실하다 어렵다 차다 붉다 힘드다 거세다 낮다 하찮다 희다 좁다 가파르다 새롭다 아름답다 귀엽다 뜻깊다 차갑다 흔하다 정신없다 멋있다 시끄럽다 급하다 엄청나다 험하다 느리다 짙다 묘하다 빠르다 어둡다 아깝다 어려우다 덥다 빨갛다 야무지다 아름다우다 정겹다 더우다 이쁘다 싸다 귀여우다 놀랍다 곱다 슬프다 가볍다 젊다 맑다 푸르다 비싸다 쎄다 밝다 빡세다 그립다 깊다 수많다 알맞다 멀다 짠하다 두껍다 낫다 어설프다 낡다 어이없다 멋지다
가덕도,0,틀림없다 알차다 흐드러지다 싫다 사이좋다 인상깊다 낯설다 외롭다 하얗다 못지않다 따갑다 해맑다 드물다 섭하다 시리다 드세다 짓궂다 가깝다 기막히다 거칠다 힘차다 얕다 부끄럽다 반갑다 춥다 미끄러우다 적다 안타깝다 고르다 격하다 조그맣다 재미있다 뜨겁다 즐겁다 어지럽다 넓디넓다 그리우다 비좁다 기쁘다 재빠르다 지겹다 추우다 수줍다 낯익다 노랗다 싱그럽다 밉다 어렵다 아쉬우다 따시다 차다 가까우다 붉다 힘드다 거세다 번거롭다 낮다 변함없다 파랗다 희다 남다르다 좁다 손색없다 가파르다 새롭다 고풍스럽다 아름답다 귀엽다 순하다 즐거다 뜻깊다 차갑다 재미없다 정신없다 흔하다 습하다 무섭다 쩔다 눈부시다 걸맞다 미끄럽다 멋있다 시끄럽다 촌스럽다 무겁다 문제없다 급하다 드넓다 엄청나다 험하다 느리다 경이롭다 징그럽다 좁디좁다 짙다 빠르다 귀하다 세차다 뿌옇다 어둡다 아깝다 간드러지다 따숩다 어려우다 심심찮다 널럴하다 덥다 밤늦다 빨갛다 야무지다 정겹다 흥겹다 어두우다 더우다 이쁘다 싸다 예뻤다 귀여우다 놀랍다 곱다 슬프다 가볍다 예뿌다 앙증맞다 젊다 힘겹다 맑다 푸르다 비싸다 찡하다 과하다 박하다 쎄다 연하다 단촐하다 밝다 보드랍다 빡세다 그립다 깊다 환하다 약하다 알맞다 멀다 까맣다 유례없다 짠하다 수많다 낫다 낡다 어이없다 멋지다 무덥다
월전포구(월전방파제),0,알차다 싫다 휑하다 하얗다 못지않다 버겁다 드세다 드높다 가깝다 반갑다 춥다 적다 안타깝다 재미있다 즐겁다 비좁다 기쁘다 숱하다 지겹다 오래다 노랗다 어렵다 아쉬우다 차다 어두다 붉다 힘드다 낮다 파랗다 희다 남다르다 좁다 가파르다 새롭다 아름답다 귀엽다 순하다 색다르다 차갑다 흔하다 습하다 무섭다 눈부시다 걸맞다 미끄럽다 멋있다 시끄럽다 급하다 엄청나다 느리다 짙다 빠르다 세차다 뿌옇다 커다랗다 아깝다 어둡다 어려우다 덥다 빨갛다 야무지다 아름다우다 정겹다 용하다 쓸데없다 이쁘다 푸르르다 싸다 놀랍다 곱다 가볍다 젊다 드럽다 맑다 푸르다 비싸다 쎄다 밝다 빡세다 깊다 수많다 알맞다 까맣다 멀다 손쉽다 낫다 낡다 멋지다 새까맣다
영주하늘눈전망대,0,얄궂다 검붉다 틀림없다 알차다 흐드러지다 싫다 사이좋다 거침없다 사납다 꿈같다 인상깊다 두드러지다 낯설다 뜨시다 외롭다 휑하다 하얗다 못지않다 영하다 만만찮다 따갑다 해맑다 쑥스럽다 드물다 경사지다 달갑다 섭하다 시리다 드세다 바르다 짓궂다 가깝다 거칠다 감명깊다 뜨거우다 힘차다 얕다 살갑다 부끄럽다 친하다 헐벗다 반갑다 청승맞다 즐거우다 먹먹하다 춥다 훤하다 미끄러우다 고우다 적다 안타깝다 고르다 격하다 조그맣다 재미있다 굳세다 서툴다 뜨겁다 후하다 즐겁다 우습다 어지럽다 넓디넓다 비좁다 기쁘다 끊임없다 재빠르다 시렵다 빼어나다 지겹다 생뚱맞다 추우다 뿌리깊다 오래다 이롭다 수줍다 낯익다 적잖다 노랗다 맑디맑다 싱그럽다 실하다 밉다 부시다 어렵다 아쉬우다 따시다 차다 애처롭다 구성지다 어두다 붉다 힘드다 가까우다 매섭다 오지다 거세다 번거롭다 하찮다 변함없다 낮다 파랗다 희다 값싸다 남다르다 좁다 여리다 손색없다 잽싸다 가파르다 새빨갛다 쿨하다 새롭다 곧다 속상하다 아름답다 귀엽다 순하다 즐거다 뜻깊다 감질나다 색다르다 차갑다 재미없다 정신없다 흔하다 습하다 값지다 무섭다 쩔다 눈부시다 뜻있다 찰지다 걸맞다 미끄럽다 멋있다 정답다 두렵다 빡쎄다 시끄럽다 촌스럽다 무겁다 급하다 드넓다 재미나다 활기차다 엄청나다 파아랗다 험하다 벅차다 느리다 더럽다 경이롭다 징그럽다 짙다 묘하다 빠르다 귀하다 세차다 뿌옇다 새하얗다 커다랗다 아깝다 간드러지다 옛스럽다 높다랗다 어둡다 어려우다 따숩다 심심찮다 덥다 밤늦다 빨갛다 야물딱지다 야무지다 아름다우다 정겹다 올곧다 어두우다 더우다 누리다 쓸데없다 이쁘다 푸르르다 헛되다 싸다 예뻤다 익다 고되다 냅다 귀여우다 후지다 놀랍다 곱다 슬프다 구리다 가볍다 뻔하다 예뿌다 앙증맞다 쨍하다 젊다 기똥차다 힘겹다 시뻘겋다 드럽다 맑다 푸르다 비싸다 나긋나긋하다 빡시다 찡하다 과하다 박하다 쎄다 마땅찮다 연하다 단촐하다 밝다 빡세다 그립다 우중충하다 동그랗다 깊다 환하다 새파랗다 약하다 알맞다 멀다 까맣다 유례없다 손쉽다 짠하다 수많다 두껍다 낫다 뛰어나다 어설프다 높디높다 찹다 낡다 어이없다 멋지다 무덥다
캐비네 드 쁘아쏭(미디어 갤러리),0,검붉다 틀림없다 알차다 싫다 거침없다 점잖다 인상깊다 낯설다 하얗다 못지않다 만만찮다 해맑다 드물다 섭하다 시리다 드세다 짓궂다 가깝다 기막히다 뜨거우다 힘차다 얕다 주옥같다 부끄럽다 반갑다 춥다 미끄러우다 적다 안타깝다 가엾다 고르다 격하다 조그맣다 재미있다 서툴다 뜨겁다 즐겁다 어지럽다 비좁다 기쁘다 끊임없다 재빠르다 지겹다 추우다 오래다 이롭다 수줍다 낯익다 노랗다 싱그럽다 실하다 어렵다 아쉬우다 차다 가까우다 붉다 힘드다 오지다 낮다 하찮다 변함없다 파랗다 희다 남다르다 좁다 잽싸다 가파르다 줄기차다 매끄럽다 새롭다 속상하다 아름답다 귀엽다 순하다 즐거다 뜻깊다 색다르다 차갑다 재미없다 정신없다 흔하다 습하다 무섭다 눈부시다 걸맞다 멋있다 정답다 두렵다 빡쎄다 시끄럽다 촌스럽다 무겁다 문제없다 급하다 멋들어지다 드넓다 재미나다 활기차다 엄청나다 씨다 험하다 느리다 더럽다 징그럽다 짙다 그럴싸하다 묘하다 빠르다 폭넓다 귀하다 세차다 뿌옇다 커다랗다 아깝다 어둡다 서럽다 덥다 밤늦다 빨갛다 야물딱지다 야무지다 아름다우다 정겹다 용하다 어두우다 더우다 쓸데없다 이쁘다 싸다 목마르다 고되다 귀여우다 특출나다 놀랍다 곱다 슬프다 구리다 도드라지다 가볍다 예뿌다 앙증맞다 쨍하다 젊다 힘겹다 맑다 푸르다 비싸다 빡시다 과하다 쎄다 연하다 보드랍다 밝다 빡세다 그립다 동그랗다 깊다 환하다 족하다 알맞다 멀다 유례없다 손쉽다 두껍다 수많다 낫다 뛰어나다 찹다 낡다 어이없다 멋지다
황령산 전망대,0,얄궂다 알차다 흐드러지다 싫다 사이좋다 거침없다 인상깊다 낯설다 외롭다 하얗다 못지않다 만만찮다 따갑다 해맑다 드물다 섭하다 가깝다 기막히다 거칠다 뜨거우다 힘차다 얕다 반갑다 먹먹하다 춥다 훤하다 적다 안타깝다 고르다 조그맣다 재미있다 뜨겁다 즐겁다 우습다 비좁다 기쁘다 재빠르다 빼어나다 지겹다 추우다 오래다 이롭다 수줍다 싱그럽다 실하다 어렵다 아쉬우다 차다 가까우다 가쁘다 붉다 힘드다 매섭다 거세다 낮다 파랗다 남다르다 좁다 잽싸다 손색없다 역하다 가파르다 새빨갛다 줄기차다 매끄럽다 새롭다 속상하다 아름답다 귀엽다 순하다 즐거다 뜻깊다 감질나다 색다르다 흔하다 차갑다 정신없다 습하다 무섭다 눈부시다 걸맞다 멋있다 빡쎄다 시끄럽다 촌스럽다 무겁다 급하다 멋들어지다 드넓다 엄청나다 파아랗다 험하다 느리다 짙다 묘하다 빠르다 폭넓다 귀하다 세차다 뿌옇다 어둡다 아깝다 따숩다 어려우다 심심찮다 덥다 밤늦다 빨갛다 야무지다 아름다우다 정겹다 용하다 새까맣다 어두우다 더우다 쓸데없다 이쁘다 헛되다 싸다 예뻤다 고되다 귀여우다 후지다 놀랍다 곱다 슬프다 구리다 가볍다 뻔하다 예뿌다 앙증맞다 젊다 힘겹다 맑다 푸르다 비싸다 과하다 박하다 쎄다 연하다 밝다 빡세다 그립다 동그랗다 깊다 환하다 약하다 수많다 멀다 유례없다 손쉽다 짠하다 두껍다 낫다 뛰어나다 찹다 낡다 어이없다 멋지다 무덥다
아미산 전망대,0,알차다 싫다 사이좋다 인상깊다 하얗다 못지않다 드물다 가깝다 거칠다 힘차다 얕다 부끄럽다 춥다 적다 고르다 재미있다 뜨겁다 즐겁다 우습다 비좁다 빼어나다 지겹다 수줍다 노랗다 어렵다 가까우다 붉다 힘드다 매섭다 낮다 파랗다 희다 좁다 손색없다 가파르다 새롭다 아름답다 귀엽다 흔하다 값지다 무섭다 눈부시다 멋있다 시끄럽다 급하다 멋들어지다 드넓다 엄청나다 벅차다 느리다 더럽다 짙다 묘하다 빠르다 세차다 뿌옇다 어둡다 아깝다 어려우다 덥다 빨갛다 야무지다 아름다우다 정겹다 흥겹다 이쁘다 싸다 예뻤다 놀랍다 곱다 가볍다 뻔하다 쨍하다 젊다 힘겹다 시뻘겋다 맑다 푸르다 비싸다 과하다 보드랍다 밝다 동그랗다 깊다 환하다 약하다 수많다 멀다 억세다 낫다 낡다 어이없다 멋지다 무덥다
청학 수변공원,0,알차다 싫다 휑하다 하얗다 못지않다 따갑다 지겨우다 드물다 가깝다 감명깊다 힘차다 얕다 반갑다 춥다 적다 안타깝다 재미있다 뜨겁다 어지럽다 즐겁다 재빠르다 짙푸르다 힘드다 실하다 어렵다 아쉬우다 붉다 오지다 거세다 낮다 좁다 손색없다 가파르다 까다롭다 새롭다 아름답다 귀엽다 색다르다 재미없다 흔하다 습하다 무섭다 쩔다 멋있다 시끄럽다 급하다 드넓다 활기차다 엄청나다 더럽다 짙다 빠르다 세차다 뿌옇다 어둡다 아깝다 덥다 야무지다 용하다 이쁘다 싸다 예뻤다 놀랍다 슬프다 가볍다 예뿌다 젊다 맑다 푸르다 비싸다 쎄다 밝다 동그랗다 깊다 환하다 알맞다 멀다 손쉽다 낫다 뛰어나다 찹다 낡다 어이없다 멋지다
영도 하늘전망대,0,검붉다 틀림없다 알차다 흐드러지다 싫다 거침없다 인상깊다 낯설다 외롭다 휑하다 하얗다 못지않다 만만찮다 따갑다 해맑다 쑥스럽다 드물다 덩그러다 경사지다 섭하다 시리다 바르다 짓궂다 가깝다 기막히다 거칠다 감명깊다 뜨거우다 힘차다 얕다 살갑다 부끄럽다 친하다 즐거우다 반갑다 청승맞다 먹먹하다 춥다 고우다 적다 안타깝다 고르다 격하다 조그맣다 재미있다 굳세다 서툴다 뜨겁다 우렁차다 즐겁다 우습다 어지럽다 비좁다 기쁘다 재빠르다 숱하다 빼어나다 지겹다 시퍼렇다 생뚱맞다 추우다 뿌리깊다 오래다 이롭다 수줍다 짙푸르다 적잖다 노랗다 싱그럽다 실하다 부시다 어렵다 아쉬우다 차다 구성지다 가쁘다 가까우다 붉다 힘드다 매섭다 오지다 횡하다 거세다 낮다 하찮다 변함없다 파랗다 희다 남다르다 좁다 잽싸다 손색없다 가파르다 새빨갛다 줄기차다 새롭다 곧다 속상하다 아름답다 귀엽다 순하다 즐거다 뜻깊다 감질나다 색다르다 차갑다 재미없다 정신없다 주의깊다 흔하다 습하다 무섭다 쩔다 눈부시다 걸맞다 미끄럽다 멋있다 정답다 두렵다 빡쎄다 시끄럽다 촌스럽다 무겁다 급하다 드넓다 재미나다 활기차다 엄청나다 험하다 벅차다 느리다 더럽다 경이롭다 징그럽다 좁디좁다 짙다 그럴싸하다 묘하다 빠르다 폭넓다 귀하다 세차다 뿌옇다 새하얗다 커다랗다 아깝다 간드러지다 옛스럽다 서럽다 어둡다 어려우다 따숩다 심심찮다 희망차다 덥다 빨갛다 야물딱지다 야무지다 아름다우다 정겹다 흥겹다 용하다 새까맣다 더우다 누리다 쓸데없다 이쁘다 푸르르다 싸다 예뻤다 목마르다 고되다 귀여우다 놀랍다 곱다 슬프다 구리다 가볍다 예뿌다 앙증맞다 쨍하다 젊다 기똥차다 힘겹다 시뻘겋다 드럽다 맑다 푸르다 비싸다 빡시다 과하다 박하다 쎄다 마땅찮다 연하다 단촐하다 밝다 빡세다 그립다 동그랗다 지리다 깊다 환하다 새파랗다 약하다 알맞다 멀다 까맣다 유례없다 손쉽다 두껍다 수많다 억세다 낫다 뛰어나다 찹다 높디높다 낡다 어이없다 멋지다 무덥다
구덕문화공원,0,틀림없다 알차다 흐드러지다 싫다 사이좋다 거침없다 사납다 인상깊다 낯설다 뜨시다 외롭다 하얗다 못지않다 한결같다 벌겋다 따갑다 해맑다 드물다 덩그러다 섭하다 시리다 드세다 짓궂다 가깝다 기막히다 거칠다 감명깊다 뜨거우다 힘차다 얕다 부끄럽다 즐거우다 반갑다 먹먹하다 춥다 훤하다 적다 안타깝다 고르다 격하다 조그맣다 재미있다 뜨겁다 후하다 즐겁다 우습다 어지럽다 넓디넓다 비좁다 기쁘다 재빠르다 시렵다 빼어나다 지겹다 생뚱맞다 추우다 오래다 이롭다 수줍다 서글프다 적잖다 노랗다 쪼그맣다 맑디맑다 싱그럽다 실하다 밉다 부시다 어렵다 아쉬우다 차다 구성지다 가까우다 붉다 힘드다 오지다 거세다 낮다 하찮다 변함없다 파랗다 희다 값싸다 남다르다 좁다 잽싸다 손색없다 유별나다 가파르다 줄기차다 매끄럽다 까다롭다 새롭다 속상하다 아름답다 귀엽다 순하다 즐거다 뜻깊다 감질나다 색다르다 차갑다 재미없다 정신없다 흔하다 습하다 값지다 무섭다 쩔다 눈부시다 뜻있다 걸맞다 멋있다 정답다 두렵다 빡쎄다 시끄럽다 촌스럽다 무겁다 급하다 드넓다 재미나다 활기차다 외지다 엄청나다 험하다 느리다 더럽다 징그럽다 짙다 좁디좁다 묘하다 빠르다 폭넓다 귀하다 세차다 뿌옇다 커다랗다 아깝다 옛스럽다 어둡다 따숩다 어려우다 심심찮다 덥다 밤늦다 빨갛다 야물딱지다 야무지다 아름다우다 정겹다 흥겹다 어두우다 더우다 흉하다 누리다 쓸데없다 이쁘다 싸다 예뻤다 고되다 귀여우다 놀랍다 곱다 슬프다 구리다 가볍다 뻔하다 예뿌다 앙증맞다 쨍하다 젊다 힘겹다 드럽다 맑다 푸르다 비싸다 빡시다 과하다 쎄다 연하다 단촐하다 밝다 보드랍다 빡세다 그립다 동그랗다 지리다 깊다 환하다 새파랗다 약하다 알맞다 멀다 까맣다 손쉽다 두껍다 수많다 억세다 낫다 뛰어나다 찹다 낡다 어이없다 멋지다 무덥다
대신공원,0,얄궂다 검붉다 틀림없다 알차다 흐드러지다 싫다 사이좋다 거침없다 사납다 인상깊다 낯설다 외롭다 휑하다 하얗다 못지않다 만만찮다 벌겋다 따갑다 해맑다 지겨우다 드물다 덩그러다 섭하다 시리다 드세다 드높다 바르다 가깝다 기막히다 거칠다 감명깊다 뜨거우다 힘차다 얕다 살갑다 부끄럽다 친하다 헐벗다 반갑다 청승맞다 주옥같다 춥다 훤하다 적다 안타깝다 고르다 굳세다 조그맣다 재미있다 서툴다 뜨겁다 후하다 즐겁다 우습다 어지럽다 넓디넓다 그리우다 비좁다 기쁘다 끊임없다 재빠르다 빼어나다 지겹다 시퍼렇다 추우다 오래다 이롭다 수줍다 낯익다 노랗다 쪼그맣다 맑디맑다 싱그럽다 실하다 밉다 부시다 어렵다 아쉬우다 따시다 차다 가쁘다 가까우다 어두다 붉다 힘드다 매섭다 오지다 거세다 번거롭다 하찮다 변함없다 낮다 파랗다 희다 값싸다 요상하다 좁다 잽싸다 손색없다 남다르다 역하다 감쪽같다 노오랗다 가파르다 새빨갛다 까다롭다 새롭다 곧다 속상하다 아름답다 귀엽다 순하다 즐거다 뜻깊다 감질나다 색다르다 차갑다 재미없다 정신없다 흔하다 습하다 값지다 무섭다 쩔다 눈부시다 찰지다 걸맞다 미끄럽다 멋있다 정답다 두렵다 시끄럽다 촌스럽다 무겁다 급하다 탁하다 드넓다 재미나다 활기차다 외지다 엄청나다 씨다 험하다 벅차다 느리다 더럽다 징그럽다 짙다 좁디좁다 그럴싸하다 묘하다 빠르다 폭넓다 귀하다 세차다 따사롭다 새하얗다 커다랗다 아깝다 어둡다 서럽다 뿌옇다 따숩다 어려우다 심심찮다 덥다 밤늦다 빨갛다 야물딱지다 야무지다 아름다우다 정겹다 용하다 어두우다 더우다 쓸데없다 이쁘다 푸르르다 더러우다 싸다 예뻤다 익다 고되다 냅다 귀여우다 특출나다 놀랍다 곱다 슬프다 구리다 가볍다 뻔하다 예뿌다 앙증맞다 쨍하다 젊다 기똥차다 힘겹다 시뻘겋다 드럽다 맑다 푸르다 비싸다 빡시다 남부럽다 찡하다 과하다 박하다 쎄다 연하다 슬푸다 단촐하다 밝다 보드랍다 빡세다 그립다 우중충하다 동그랗다 깊다 환하다 족하다 약하다 알맞다 멀다 까맣다 손쉽다 짠하다 수많다 두껍다 낫다 억세다 어설프다 뛰어나다 찹다 낡다 멋없다 어이없다 멋지다 무덥다
부산민주공원,0,틀림없다 알차다 흐드러지다 싫다 사이좋다 점잖다 인상깊다 낯설다 외롭다 휑하다 하얗다 못지않다 만만찮다 따갑다 해맑다 드물다 놀라우다 경사지다 섭하다 드세다 가깝다 기막히다 거칠다 감명깊다 힘차다 얕다 살갑다 부끄럽다 반갑다 춥다 훤하다 적다 안타깝다 보람차다 고르다 굳세다 조그맣다 재미있다 서툴다 뜨겁다 즐겁다 어지럽다 넓디넓다 비좁다 기쁘다 끊임없다 지겹다 추우다 오래다 이롭다 수줍다 서글프다 적잖다 노랗다 맑디맑다 싱그럽다 실하다 어렵다 아쉬우다 차다 가까우다 붉다 힘드다 매섭다 거세다 번거롭다 하찮다 낮다 파랗다 희다 좁다 잽싸다 손색없다 유별나다 가파르다 매끄럽다 까다롭다 새롭다 곧다 속상하다 아름답다 귀엽다 순하다 즐거다 뜻깊다 색다르다 차갑다 볼품없다 재미없다 정신없다 흔하다 습하다 무섭다 눈부시다 걸맞다 미끄럽다 멋있다 정답다 두렵다 시끄럽다 촌스럽다 무겁다 급하다 멋들어지다 드넓다 재미나다 활기차다 외지다 엄청나다 아낌없다 험하다 느리다 더럽다 경이롭다 짙다 묘하다 빠르다 귀하다 세차다 뿌옇다 커다랗다 아깝다 어둡다 따숩다 어려우다 심심찮다 덥다 밤늦다 빨갛다 야무지다 아름다우다 정겹다 흥겹다 더우다 쓸데없다 이쁘다 푸르르다 싸다 예뻤다 귀여우다 놀랍다 곱다 슬프다 가볍다 뻔하다 예뿌다 앙증맞다 쨍하다 젊다 힘겹다 드럽다 맑다 푸르다 비싸다 빡시다 과하다 박하다 쎄다 연하다 보드랍다 밝다 빡세다 그립다 동그랗다 깊다 환하다 약하다 알맞다 멀다 까맣다 손쉽다 두껍다 수많다 낫다 뛰어나다 어설프다 낡다 어이없다 멋지다 무덥다
중앙공원,0,검붉다 틀림없다 알차다 흐드러지다 싫다 사이좋다 거침없다 사납다 인상깊다 두드러지다 낯설다 외롭다 휑하다 하얗다 못지않다 따갑다 해맑다 쑥스럽다 지겨우다 드물다 버겁다 덩그러다 달갑다 섭하다 드세다 가깝다 거칠다 감명깊다 힘차다 얕다 친하다 부끄럽다 반갑다 청승맞다 춥다 적다 안타깝다 고르다 격하다 조그맣다 재미있다 굳세다 뜨겁다 즐겁다 어지럽다 넓디넓다 비좁다 기쁘다 끊임없다 재빠르다 시렵다 빼어나다 지겹다 생뚱맞다 추우다 오래다 수줍다 낯익다 적잖다 노랗다 싱그럽다 실하다 밉다 부시다 어렵다 아쉬우다 따시다 차다 가까우다 붉다 힘드다 오지다 거세다 번거롭다 하찮다 변함없다 낮다 파랗다 희다 남다르다 좁다 잽싸다 손색없다 유별나다 가파르다 새빨갛다 줄기차다 매끄럽다 까다롭다 새롭다 곧다 속상하다 아름답다 귀엽다 순하다 뜻깊다 감질나다 색다르다 차갑다 볼품없다 재미없다 정신없다 주의깊다 흔하다 습하다 무섭다 쩔다 눈부시다 찰지다 걸맞다 미끄럽다 멋있다 두렵다 시끄럽다 촌스럽다 무겁다 문제없다 급하다 멋들어지다 드넓다 재미나다 활기차다 외지다 엄청나다 험하다 벅차다 느리다 더럽다 경이롭다 징그럽다 짙다 묘하다 빠르다 귀하다 세차다 따사롭다 새하얗다 커다랗다 아깝다 옛스럽다 높다랗다 어둡다 뿌옇다 어려우다 따숩다 심심찮다 덥다 밤늦다 빨갛다 야무지다 아름다우다 정겹다 흥겹다 더우다 쓸데없다 이쁘다 푸르르다 헛되다 싸다 예뻤다 고되다 귀여우다 놀랍다 곱다 슬프다 구리다 도드라지다 가볍다 예뿌다 앙증맞다 쨍하다 젊다 기똥차다 힘겹다 시뻘겋다 드럽다 맑다 푸르다 비싸다 단조롭다 남부럽다 찡하다 눈물겹다 박하다 쎄다 과하다 연하다 밝다 빡세다 그립다 동그랗다 깊다 환하다 약하다 알맞다 멀다 까맣다 손쉽다 짠하다 수많다 두껍다 낫다 억세다 어설프다 뛰어나다 찹다 낡다 어이없다 멋지다 무덥다
장미원,0,알차다 흐드러지다 싫다 낯설다 외롭다 휑하다 하얗다 못지않다 드물다 시리다 가깝다 얕다 살갑다 반갑다 춥다 적다 조그맣다 재미있다 즐겁다 재빠르다 지겹다 생뚱맞다 오래다 수줍다 짙붉다 적잖다 노랗다 어렵다 아쉬우다 가까우다 붉다 힘드다 매섭다 거세다 낮다 파랗다 변함없다 희다 남다르다 좁다 잽싸다 매끄럽다 새롭다 곧다 아름답다 귀엽다 순하다 흔하다 재미없다 정신없다 습하다 무섭다 눈부시다 걸맞다 멋있다 두렵다 시끄럽다 무겁다 급하다 드넓다 엄청나다 험하다 짙다 묘하다 빠르다 어둡다 아깝다 덥다 빨갛다 야무지다 이쁘다 싸다 귀여우다 곱다 가볍다 예뿌다 앙증맞다 쨍하다 젊다 드럽다 맑다 푸르다 불티나다 과하다 쎄다 밝다 그립다 깊다 수많다 멀다 낫다 어설프다 멋지다 후하다
구포 어린이교통공원,0,얄궂다 검붉다 틀림없다 알차다 흐드러지다 싫다 사이좋다 점잖다 인상깊다 두드러지다 낯설다 뜨시다 외롭다 휑하다 하얗다 못지않다 벌겋다 따갑다 해맑다 지겨우다 드물다 덩그러다 달갑다 섭하다 시리다 바르다 드높다 짓궂다 가깝다 거칠다 감명깊다 힘차다 얕다 친하다 부끄럽다 즐거우다 반갑다 춥다 미끄러우다 적다 안타깝다 고르다 격하다 어여쁘다 재미있다 서툴다 뜨겁다 즐겁다 우습다 어지럽다 넓디넓다 비좁다 기쁘다 끊임없다 새카맣다 재빠르다 빼어나다 지겹다 시퍼렇다 생뚱맞다 추우다 오래다 이롭다 수줍다 낯익다 적잖다 노랗다 쪼그맣다 싱그럽다 실하다 밉다 부시다 어렵다 아쉬우다 따시다 차다 가까우다 붉다 힘드다 매섭다 오지다 거세다 번거롭다 하찮다 변함없다 낮다 파랗다 희다 남다르다 좁다 잽싸다 손색없다 가파르다 매끄럽다 까다롭다 새롭다 곧다 속상하다 아름답다 귀엽다 순하다 즐거다 뜻깊다 감질나다 색다르다 차갑다 볼품없다 재미없다 정신없다 주의깊다 흔하다 습하다 무섭다 쩔다 눈부시다 뜻있다 찰지다 걸맞다 미끄럽다 멋있다 정답다 두렵다 시끄럽다 촌스럽다 무겁다 문제없다 급하다 멋들어지다 드넓다 재미나다 활기차다 엄청나다 아낌없다 험하다 벅차다 느리다 더럽다 경이롭다 징그럽다 좁디좁다 짙다 묘하다 빠르다 폭넓다 귀하다 세차다 뿌옇다 새하얗다 커다랗다 아깝다 어둡다 서럽다 따숩다 어려우다 심심찮다 덥다 빨갛다 야무지다 정겹다 올곧다 흥겹다 용하다 어두우다 더우다 흉하다 쓸데없다 이쁘다 헛되다 싸다 예뻤다 고되다 냅다 귀여우다 특출나다 놀랍다 곱다 너그럽다 슬프다 구리다 가볍다 예뿌다 앙증맞다 쨍하다 젊다 기똥차다 힘겹다 드럽다 맑다 푸르다 비싸다 빡시다 과하다 박하다 쎄다 마땅찮다 연하다 단촐하다 밝다 보드랍다 빡세다 그립다 우중충하다 동그랗다 깊다 환하다 메마르다 약하다 알맞다 멀다 까맣다 손쉽다 짠하다 수많다 두껍다 낫다 억세다 어설프다 뛰어나다 찹다 낡다 멋없다 어이없다 멋지다 무덥다
화명수목원,0,알차다 싫다 사이좋다 인상깊다 낯설다 외롭다 휑하다 못지않다 한결같다 따갑다 드물다 덩그러다 섭하다 바르다 가깝다 힘차다 얕다 반갑다 춥다 적다 안타깝다 고르다 격하다 조그맣다 재미있다 즐겁다 비좁다 기쁘다 빼어나다 오래다 노랗다 싱그럽다 실하다 어렵다 아쉬우다 가까우다 가쁘다 붉다 힘드다 매섭다 오지다 낮다 하찮다 희다 남다르다 좁다 여리다 손색없다 가파르다 새롭다 곧다 속상하다 아름답다 귀엽다 색다르다 차갑다 재미없다 습하다 무섭다 멋있다 문제없다 급하다 드넓다 엄청나다 느리다 징그럽다 짙다 빠르다 어둡다 아깝다 덥다 빨갛다 야무지다 정겹다 더우다 쓸데없다 이쁘다 헛되다 싸다 예뻤다 귀여우다 놀랍다 곱다 슬프다 가볍다 예뿌다 쨍하다 젊다 맑다 푸르다 비싸다 과하다 쎄다 마땅찮다 연하다 슬푸다 밝다 빡세다 그립다 동그랗다 깊다 족하다 약하다 수많다 알맞다 까맣다 멀다 손쉽다 두껍다 낫다 뛰어나다 찹다 멋지다
신평소공원,0,싸다 비좁다 습하다 끊임없다 무섭다 눈부시다 빼어나다 알차다 싫다 멋있다 슬프다 급하다 인상깊다 드넓다 가볍다 예뿌다 하얗다 실하다 어렵다 징그럽다 짙다 푸르다 맑다 붉다 비싸다 차갑다 빠르다 귀하다 섭하다 세차다 어둡다 마땅찮다 낮다 이쁘다 밝다 파랗다 가깝다 그립다 좁다 덥다 얕다 깊다 족하다 야무지다 환하다 청승맞다 아름다우다 멀다 춥다 적다 새롭다 억세다 아름답다 낫다 엄청나다 고르다 재미있다 귀엽다 멋지다 뜨겁다 즐겁다
송상현광장,0,흔하다 싸다 습하다 무섭다 틀림없다 알차다 싫다 멋있다 놀랍다 거침없다 곱다 점잖다 무겁다 슬프다 급하다 인상깊다 구리다 드넓다 가볍다 낯설다 엄청나다 젊다 어렵다 따시다 짙다 맑다 해맑다 비싸다 힘드다 묘하다 가까우다 빠르다 과하다 쎄다 어둡다 아깝다 마땅찮다 시리다 낮다 이쁘다 밝다 가깝다 거칠다 좁다 덥다 깊다 야무지다 반갑다 약하다 정겹다 멀다 춥다 가파르다 적다 손쉽다 새롭다 수많다 귀엽다 낫다 흥겹다 아름답다 순하다 고르다 뛰어나다 재미있다 멋없다 어이없다 멋지다 뜨겁다 흉하다 안타깝다 재미없다 즐겁다 정신없다
미포,0,얄궂다 틀림없다 알차다 싫다 사이좋다 거침없다 사납다 인상깊다 낯설다 외롭다 휑하다 하얗다 못지않다 벌겋다 따갑다 해맑다 지겨우다 드물다 버겁다 덩그러다 달갑다 섭하다 시리다 드세다 바르다 가깝다 캄캄하다 거칠다 감명깊다 힘차다 얕다 주옥같다 부끄럽다 반갑다 춥다 훤하다 적다 안타깝다 보람차다 고르다 격하다 조그맣다 재미있다 뜨겁다 즐겁다 우습다 비좁다 재빠르다 지겹다 생뚱맞다 추우다 오래다 수줍다 노랗다 쪼그맣다 실하다 밉다 어렵다 아쉬우다 차다 가까우다 붉다 힘드다 매섭다 오지다 거세다 번거롭다 하찮다 낮다 파랗다 희다 값싸다 남다르다 좁다 잽싸다 손색없다 가파르다 매끄럽다 까다롭다 새롭다 곧다 아름답다 귀엽다 뜻깊다 감질나다 색다르다 차갑다 재미없다 정신없다 흔하다 습하다 값지다 무섭다 쩔다 눈부시다 걸맞다 멋있다 두렵다 시끄럽다 촌스럽다 무겁다 급하다 멋들어지다 드넓다 재미나다 활기차다 엄청나다 씨다 험하다 느리다 더럽다 징그럽다 짙다 그럴싸하다 묘하다 빠르다 세차다 뿌옇다 커다랗다 아깝다 옛스럽다 서럽다 어둡다 어려우다 심심찮다 널럴하다 덥다 밤늦다 빨갛다 야물딱지다 야무지다 정겹다 어두우다 더우다 쓸데없다 이쁘다 푸르르다 더러우다 싸다 예뻤다 고되다 귀여우다 특출나다 놀랍다 곱다 슬프다 구리다 가볍다 뻔하다 예뿌다 앙증맞다 쨍하다 젊다 힘겹다 맑다 푸르다 비싸다 빡시다 불티나다 과하다 박하다 쎄다 연하다 보드랍다 밝다 빡세다 그립다 동그랗다 깊다 환하다 약하다 알맞다 멀다 까맣다 손쉽다 두껍다 수많다 낫다 뛰어나다 어설프다 찹다 낡다 어이없다 멋지다 무덥다
삼익비치수변공원,0,틀림없다 알차다 흐드러지다 싫다 사납다 인상깊다 낯설다 뜨시다 외롭다 휑하다 하얗다 못지않다 따갑다 해맑다 쑥스럽다 드물다 버겁다 덩그러다 섭하다 끄떡없다 시리다 짓궂다 가깝다 기막히다 거칠다 힘차다 얕다 친하다 주옥같다 반갑다 춥다 훤하다 적다 안타깝다 고르다 조그맣다 재미있다 뜨겁다 우렁차다 즐겁다 어지럽다 넓디넓다 비좁다 기쁘다 끊임없다 재빠르다 지겹다 오래다 수줍다 노랗다 맑디맑다 실하다 밉다 부시다 어렵다 아쉬우다 따시다 차다 가까우다 붉다 힘드다 매섭다 오지다 번거롭다 하찮다 낮다 파랗다 희다 값싸다 남다르다 좁다 여리다 손색없다 잽싸다 가파르다 뼈저리다 매끄럽다 까다롭다 새롭다 곧다 속상하다 아름답다 귀엽다 뜻깊다 감질나다 색다르다 차갑다 정신없다 흔하다 습하다 무섭다 쩔다 눈부시다 걸맞다 멋있다 두렵다 시끄럽다 촌스럽다 무겁다 문제없다 급하다 드넓다 활기차다 엄청나다 씨다 벅차다 느리다 더럽다 징그럽다 짙다 좁디좁다 묘하다 빠르다 폭넓다 귀하다 세차다 따사롭다 뿌옇다 커다랗다 아깝다 어둡다 서럽다 따숩다 어려우다 심심찮다 덥다 밤늦다 빨갛다 야물딱지다 야무지다 아름다우다 정겹다 용하다 새까맣다 어두우다 더우다 쓸데없다 이쁘다 푸르르다 싸다 예뻤다 목마르다 고되다 귀여우다 놀랍다 곱다 슬프다 구리다 가볍다 뻔하다 예뿌다 앙증맞다 젊다 힘겹다 시뻘겋다 드럽다 맑다 푸르다 비싸다 빡시다 과하다 쎄다 연하다 보드랍다 밝다 빡세다 그립다 동그랗다 깊다 환하다 약하다 알맞다 멀다 손쉽다 두껍다 수많다 낫다 뛰어나다 어설프다 낡다 멋없다 어이없다 멋지다
오시리아 해안산책로,0,알차다 흐드러지다 싫다 인상깊다 낯설다 외롭다 휑하다 못지않다 해맑다 끄떡없다 시리다 드세다 가깝다 거칠다 힘차다 얕다 친하다 반갑다 춥다 미끄러우다 적다 안타깝다 고르다 격하다 재미있다 뜨겁다 즐겁다 어지럽다 비좁다 기쁘다 재빠르다 지겹다 추우다 수줍다 노랗다 실하다 부시다 어렵다 아쉬우다 따시다 붉다 힘드다 거세다 낮다 하찮다 변함없다 파랗다 좁다 잽싸다 손색없다 바르다 가파르다 새롭다 아름답다 귀엽다 뜻깊다 색다르다 차갑다 정신없다 흔하다 습하다 무섭다 쩔다 눈부시다 걸맞다 멋있다 두렵다 시끄럽다 촌스럽다 무겁다 급하다 멋들어지다 드넓다 활기차다 엄청나다 험하다 벅차다 느리다 더럽다 짙다 묘하다 빠르다 귀하다 세차다 아깝다 서럽다 덥다 밤늦다 빨갛다 야무지다 아름다우다 더우다 이쁘다 푸르르다 싸다 예뻤다 놀랍다 곱다 슬프다 가볍다 뻔하다 예뿌다 앙증맞다 쨍하다 젊다 시뻘겋다 맑다 푸르다 비싸다 박하다 쎄다 밝다 빡세다 그립다 동그랗다 깊다 환하다 알맞다 멀다 까맣다 손쉽다 짠하다 수많다 낫다 뛰어나다 낡다 어이없다 멋지다 무덥다
센텀 APEC나루공원,0,검붉다 틀림없다 알차다 흐드러지다 싫다 사이좋다 점잖다 인상깊다 낯설다 하얗다 못지않다 만만찮다 따갑다 해맑다 드물다 놀라우다 버겁다 덩그러다 섭하다 끄떡없다 시리다 드세다 바르다 짓궂다 가깝다 기막히다 거칠다 뜨거우다 힘차다 얕다 친하다 부끄럽다 즐거우다 반갑다 춥다 훤하다 적다 안타깝다 보람차다 고르다 조그맣다 재미있다 뜨겁다 후하다 즐겁다 어지럽다 기쁘다 끊임없다 재빠르다 숱하다 빼어나다 지겹다 추우다 수줍다 노랗다 실하다 어렵다 아쉬우다 따시다 차다 가까우다 붉다 힘드다 매섭다 번거롭다 하찮다 낮다 파랗다 희다 남다르다 좁다 잽싸다 손색없다 가파르다 새빨갛다 매끄럽다 새롭다 곧다 속상하다 아름답다 귀엽다 순하다 뜻깊다 색다르다 흔하다 차갑다 재미없다 정신없다 습하다 무섭다 뜻있다 눈부시다 걸맞다 멋있다 정답다 두렵다 시끄럽다 무겁다 문제없다 급하다 드넓다 재미나다 활기차다 엄청나다 험하다 느리다 더럽다 짙다 그럴싸하다 묘하다 빠르다 폭넓다 귀하다 세차다 뿌옇다 커다랗다 아깝다 높다랗다 어둡다 어려우다 심심찮다 덥다 밤늦다 빨갛다 야무지다 정겹다 흥겹다 용하다 더우다 이쁘다 푸르르다 싸다 귀여우다 놀랍다 곱다 슬프다 가볍다 예뿌다 앙증맞다 젊다 힘겹다 시뻘겋다 드럽다 맑다 푸르다 비싸다 과하다 박하다 쎄다 참하다 보드랍다 밝다 빡세다 그립다 동그랗다 깊다 환하다 새파랗다 수많다 알맞다 멀다 손쉽다 두껍다 낫다 뛰어나다 찹다 낡다 어이없다 멋지다 무덥다
송정역,0,얄궂다 틀림없다 알차다 흐드러지다 싫다 사이좋다 인상깊다 낯설다 외롭다 휑하다 하얗다 못지않다 한결같다 따갑다 해맑다 지겨우다 드물다 덩그러다 즐거웁다 달갑다 섭하다 시리다 드세다 바르다 가깝다 거칠다 감명깊다 뜨거우다 힘차다 얕다 친하다 부끄럽다 주옥같다 반갑다 청승맞다 춥다 훤하다 미끄러우다 적다 안타깝다 고르다 격하다 조그맣다 재미있다 뜨겁다 우렁차다 즐겁다 우습다 어지럽다 비좁다 기쁘다 끊임없다 새카맣다 재빠르다 숱하다 지겹다 추우다 오래다 수줍다 낯익다 적잖다 노랗다 실하다 밉다 부시다 어렵다 아쉬우다 따시다 차다 가쁘다 가까우다 붉다 힘드다 매섭다 오지다 거세다 번거롭다 하찮다 낮다 파랗다 희다 남다르다 좁다 잽싸다 손색없다 가파르다 새빨갛다 뼈저리다 까다롭다 새롭다 곧다 속상하다 아름답다 귀엽다 순하다 즐거다 뜻깊다 색다르다 차갑다 볼품없다 재미없다 정신없다 흔하다 습하다 값지다 무섭다 쩔다 눈부시다 걸맞다 미끄럽다 멋있다 시끄럽다 촌스럽다 무겁다 급하다 탁하다 멋들어지다 드넓다 재미나다 활기차다 엄청나다 아낌없다 험하다 벅차다 느리다 더럽다 징그럽다 짙다 묘하다 빠르다 세차다 뿌옇다 새하얗다 커다랗다 아깝다 어둡다 서럽다 따숩다 어려우다 덥다 밤늦다 빨갛다 야물딱지다 야무지다 아름다우다 정겹다 어두우다 더우다 쓸데없다 이쁘다 푸르르다 싸다 예뻤다 고되다 냅다 귀여우다 특출나다 놀랍다 곱다 너그럽다 슬프다 구리다 가볍다 뻔하다 예뿌다 앙증맞다 쨍하다 젊다 힘겹다 맑다 푸르다 비싸다 빡시다 불티나다 과하다 박하다 쎄다 연하다 보드랍다 밝다 빡세다 그립다 동그랗다 지리다 깊다 환하다 족하다 약하다 알맞다 멀다 까맣다 손쉽다 짠하다 수많다 두껍다 낫다 뛰어나다 어설프다 찹다 낡다 어이없다 멋지다
가덕해양파크휴게소,0,틀림없다 알차다 흐드러지다 싫다 하얗다 못지않다 따갑다 드물다 덩그러다 섭하다 시리다 가깝다 힘차다 얕다 친하다 반갑다 춥다 적다 안타깝다 재미있다 뜨겁다 즐겁다 비좁다 끊임없다 지겹다 추우다 수줍다 실하다 밉다 어렵다 아쉬우다 차다 가까우다 붉다 힘드다 오지다 낮다 좁다 잽싸다 손색없다 역하다 가파르다 까다롭다 새롭다 곧다 아름답다 귀엽다 뜻깊다 색다르다 흔하다 차갑다 재미없다 습하다 무섭다 쩔다 눈부시다 걸맞다 멋있다 두렵다 시끄럽다 무겁다 급하다 드넓다 재미나다 활기차다 외지다 엄청나다 씨다 느리다 징그럽다 짙다 묘하다 빠르다 귀하다 세차다 뿌옇다 커다랗다 아깝다 어둡다 어려우다 덥다 빨갛다 야무지다 아름다우다 정겹다 용하다 새까맣다 누리다 이쁘다 싸다 귀여우다 놀랍다 곱다 너그럽다 슬프다 가볍다 예뿌다 젊다 힘겹다 맑다 푸르다 비싸다 빡시다 연하다 밝다 빡세다 그립다 동그랗다 깊다 환하다 약하다 수많다 알맞다 멀다 짠하다 낫다 찹다 낡다 어이없다 멋지다
해운대수목원,0,검붉다 틀림없다 알차다 흐드러지다 싫다 사이좋다 사납다 낯설다 휑하다 하얗다 못지않다 만만찮다 드물다 덩그러다 섭하다 가깝다 힘차다 얕다 살갑다 부끄럽다 친하다 반갑다 춥다 적다 고르다 조그맣다 재미있다 서툴다 뜨겁다 즐겁다 기쁘다 끊임없다 재빠르다 빼어나다 지겹다 추우다 오래다 수줍다 서글프다 노랗다 싱그럽다 실하다 어렵다 가까우다 애처롭다 붉다 힘드다 매섭다 오지다 낮다 하찮다 파랗다 희다 좁다 잽싸다 손색없다 쿨하다 까다롭다 새롭다 특별나다 속상하다 곧다 아름답다 귀엽다 순하다 즐거다 색다르다 재미없다 정신없다 흔하다 습하다 값지다 무섭다 쩔다 눈부시다 걸맞다 멋있다 두렵다 시끄럽다 무겁다 급하다 멋들어지다 드넓다 엄청나다 험하다 느리다 더럽다 짙다 묘하다 빠르다 귀하다 뿌옇다 숨차다 새하얗다 어둡다 아깝다 덥다 야무지다 아름다우다 정겹다 더우다 쓸데없다 이쁘다 싸다 귀여우다 냅다 놀랍다 곱다 슬프다 가볍다 뻔하다 예뿌다 앙증맞다 젊다 맑다 푸르다 비싸다 과하다 쎄다 마땅찮다 연하다 슬푸다 밝다 그립다 깊다 환하다 약하다 멀다 까맣다 손쉽다 짠하다 수많다 두껍다 낫다 찹다 어설프다 어이없다 멋지다
해리단길,0,틀림없다 알차다 싫다 사이좋다 인상깊다 낯설다 외롭다 휑하다 하얗다 못지않다 만만찮다 벌겋다 따갑다 해맑다 지겨우다 덩그러다 섭하다 시리다 드세다 드높다 바르다 가깝다 거칠다 뜨거우다 주옥같다 힘차다 살갑다 부끄럽다 친하다 반갑다 춥다 적다 안타깝다 고르다 조그맣다 재미있다 뜨겁다 우렁차다 즐겁다 우습다 어지럽다 그리우다 비좁다 기쁘다 재빠르다 숱하다 시렵다 지겹다 추우다 오래다 수줍다 노랗다 실하다 밉다 부시다 어렵다 아쉬우다 차다 가까우다 붉다 힘드다 오지다 낮다 하찮다 변함없다 파랗다 희다 남다르다 좁다 잽싸다 손색없다 유별나다 가파르다 새빨갛다 까다롭다 새롭다 고풍스럽다 아름답다 귀엽다 순하다 뜻깊다 색다르다 차갑다 재미없다 정신없다 흔하다 습하다 값지다 무섭다 쩔다 눈부시다 뜻있다 걸맞다 멋있다 시끄럽다 촌스럽다 무겁다 급하다 드넓다 재미나다 활기차다 엄청나다 벅차다 느리다 더럽다 징그럽다 짙다 그럴싸하다 묘하다 빠르다 귀하다 세차다 뿌옇다 새하얗다 커다랗다 아깝다 어둡다 서럽다 어려우다 덥다 빨갛다 야물딱지다 야무지다 정겹다 새까맣다 어두우다 더우다 쓸데없다 이쁘다 푸르르다 더러우다 싸다 예뻤다 귀여우다 놀랍다 곱다 슬프다 구리다 가볍다 뻔하다 예뿌다 앙증맞다 젊다 기똥차다 맑다 푸르다 비싸다 빡시다 과하다 쎄다 연하다 단촐하다 밝다 보드랍다 빡세다 그립다 동그랗다 깊다 환하다 약하다 많고많다 알맞다 까맣다 멀다 손쉽다 두껍다 수많다 낫다 뛰어나다 어설프다 높디높다 찹다 낡다 어이없다 멋지다 후하다
부산라벤더팜,0,알차다 싫다 낯설다 해맑다 드물다 버겁다 덩그러다 시리다 드세다 가깝다 뜨거우다 친하다 주옥같다 부끄럽다 반갑다 춥다 적다 고르다 어여쁘다 조그맣다 재미있다 뜨겁다 어지럽다 즐겁다 재빠르다 짙붉다 서글프다 노랗다 어렵다 아쉬우다 붉다 낮다 하찮다 좁다 잽싸다 손색없다 가파르다 새롭다 속상하다 아름답다 귀엽다 차갑다 정신없다 습하다 무섭다 멋있다 시끄럽다 촌스럽다 급하다 드넓다 활기차다 엄청나다 느리다 더럽다 빠르다 어둡다 아깝다 서럽다 덥다 빨갛다 야물딱지다 야무지다 더우다 이쁘다 싸다 놀랍다 곱다 구리다 가볍다 예뿌다 쨍하다 젊다 힘겹다 맑다 푸르다 비싸다 쎄다 밝다 빡세다 깊다 환하다 수많다 알맞다 멀다 짠하다 두껍다 낫다 찹다 낡다 어이없다 멋지다 무덥다 새까맣다
미포항,0,틀림없다 알차다 흐드러지다 싫다 사이좋다 인상깊다 낯설다 외롭다 하얗다 못지않다 따갑다 지겨우다 덩그러다 섭하다 바르다 드세다 드높다 가깝다 거칠다 힘차다 얕다 친하다 반갑다 춥다 적다 안타깝다 고르다 재미있다 뜨겁다 즐겁다 어지럽다 비좁다 기쁘다 끊임없다 재빠르다 지겹다 시퍼렇다 추우다 오래다 수줍다 낯익다 실하다 밉다 어렵다 아쉬우다 가까우다 붉다 힘드다 거세다 번거롭다 낮다 파랗다 값싸다 좁다 잽싸다 가파르다 매끄럽다 까다롭다 새롭다 속상하다 아름답다 귀엽다 즐거다 뜻깊다 색다르다 차갑다 재미없다 정신없다 습하다 무섭다 눈부시다 걸맞다 미끄럽다 멋있다 정답다 빡쎄다 시끄럽다 촌스럽다 무겁다 문제없다 급하다 멋들어지다 드넓다 엄청나다 느리다 더럽다 경이롭다 징그럽다 짙다 묘하다 빠르다 뿌옇다 높다랗다 아깝다 옛스럽다 어둡다 따숩다 어려우다 덥다 빨갛다 야무지다 정겹다 어두우다 더우다 흉하다 쓸데없다 이쁘다 싸다 귀여우다 특출나다 놀랍다 곱다 슬프다 구리다 가볍다 예뿌다 앙증맞다 젊다 시뻘겋다 드럽다 맑다 푸르다 비싸다 빡시다 과하다 박하다 쎄다 연하다 밝다 빡세다 그립다 동그랗다 깊다 환하다 약하다 수많다 알맞다 멀다 두껍다 낫다 뛰어나다 어설프다 높디높다 찹다 낡다 어이없다 멋지다
부산남항,0,얄궂다 검붉다 틀림없다 알차다 흐드러지다 싫다 사이좋다 거침없다 사납다 인상깊다 낯설다 외롭다 휑하다 하얗다 못지않다 따갑다 해맑다 지겨우다 드물다 버겁다 덩그러다 섭하다 시리다 바르다 짓궂다 가깝다 거칠다 감명깊다 뜨거우다 힘차다 얕다 살갑다 부끄럽다 즐거우다 반갑다 춥다 미끄러우다 고우다 적다 안타깝다 고르다 격하다 조그맣다 재미있다 굳세다 서툴다 뜨겁다 우렁차다 즐겁다 우습다 어지럽다 그리우다 비좁다 기쁘다 끊임없다 재빠르다 숱하다 시렵다 지겹다 시퍼렇다 추우다 뿌리깊다 오래다 수줍다 낯익다 노랗다 싱그럽다 실하다 밉다 어렵다 아쉬우다 따시다 차다 구성지다 가까우다 붉다 힘드다 매섭다 횡하다 거세다 번거롭다 하찮다 낮다 파랗다 희다 값싸다 남다르다 좁다 잽싸다 손색없다 가파르다 뼈저리다 줄기차다 쿨하다 매끄럽다 까다롭다 새롭다 곧다 속상하다 아름답다 귀엽다 순하다 즐거다 뜻깊다 색다르다 차갑다 재미없다 정신없다 주의깊다 흔하다 습하다 무섭다 쩔다 눈부시다 찰지다 걸맞다 미끄럽다 멋있다 정답다 두렵다 시끄럽다 촌스럽다 무겁다 문제없다 급하다 멋들어지다 드넓다 재미나다 활기차다 외지다 엄청나다 씨다 험하다 느리다 더럽다 경이롭다 징그럽다 짙다 그럴싸하다 묘하다 빠르다 폭넓다 귀하다 세차다 뿌옇다 새하얗다 커다랗다 아깝다 어둡다 숨차다 따숩다 어려우다 심심찮다 똑바르다 희망차다 덥다 빨갛다 야무지다 아름다우다 정겹다 흥겹다 더우다 흉하다 누리다 쓸데없다 이쁘다 푸르르다 싸다 귀여우다 놀랍다 곱다 슬프다 가볍다 예뿌다 앙증맞다 쨍하다 젊다 힘겹다 맑다 푸르다 비싸다 빡시다 과하다 쎄다 연하다 슬푸다 단촐하다 밝다 보드랍다 빡세다 그립다 우중충하다 동그랗다 깊다 환하다 약하다 알맞다 멀다 까맣다 손쉽다 짠하다 수많다 두껍다 낫다 억세다 어설프다 뛰어나다 찹다 낡다 어이없다 멋지다 무덥다
감지해변,0,틀림없다 알차다 싫다 사이좋다 거침없다 인상깊다 낯설다 외롭다 휑하다 하얗다 못지않다 따갑다 해맑다 지겨우다 섭하다 시리다 바르다 가깝다 거칠다 뜨거우다 힘차다 얕다 부끄럽다 반갑다 춥다 적다 안타깝다 고르다 재미있다 뜨겁다 즐겁다 우습다 어지럽다 비좁다 기쁘다 재빠르다 오래다 적잖다 노랗다 실하다 어렵다 아쉬우다 따시다 차다 가까우다 붉다 힘드다 매섭다 횡하다 거세다 낮다 하찮다 변함없다 파랗다 희다 좁다 잽싸다 가파르다 줄기차다 까다롭다 새롭다 속상하다 아름답다 귀엽다 새로우다 색다르다 흔하다 차갑다 재미없다 정신없다 습하다 무섭다 쩔다 눈부시다 걸맞다 미끄럽다 멋있다 두렵다 시끄럽다 무겁다 급하다 드넓다 활기차다 엄청나다 더럽다 경이롭다 짙다 묘하다 빠르다 귀하다 세차다 커다랗다 아깝다 어둡다 덥다 빨갛다 야무지다 아름다우다 정겹다 새까맣다 어두우다 더우다 누리다 쓸데없다 이쁘다 푸르르다 싸다 예뻤다 익다 고되다 냅다 귀여우다 놀랍다 곱다 슬프다 가볍다 예뿌다 쨍하다 젊다 힘겹다 드럽다 맑다 푸르다 비싸다 찡하다 과하다 쎄다 참하다 연하다 밝다 빡세다 그립다 동그랗다 지리다 깊다 환하다 약하다 수많다 많고많다 알맞다 까맣다 멀다 손쉽다 짠하다 억세다 낫다 뛰어나다 찹다 높디높다 낡다 어이없다 멋지다
가야공원 / 가야산책공원,0,얄궂다 틀림없다 알차다 흐드러지다 싫다 거침없다 사납다 인상깊다 두드러지다 낯설다 외롭다 휑하다 하얗다 못지않다 영하다 만만찮다 따갑다 해맑다 드물다 버겁다 덩그러다 달갑다 섭하다 끄떡없다 바르다 짓궂다 가깝다 기막히다 거칠다 뜨거우다 힘차다 얕다 친하다 부끄럽다 반갑다 춥다 훤하다 적다 안타깝다 고르다 어여쁘다 조그맣다 재미있다 굳세다 서툴다 뜨겁다 즐겁다 어지럽다 넓디넓다 비좁다 기쁘다 재빠르다 숱하다 지겹다 생뚱맞다 추우다 오래다 이롭다 수줍다 낯익다 노랗다 맑디맑다 싱그럽다 실하다 부시다 어렵다 아쉬우다 차다 가까우다 붉다 힘드다 매섭다 오지다 거세다 낮다 하찮다 변함없다 파랗다 희다 값싸다 남다르다 좁다 잽싸다 손색없다 유별나다 가파르다 줄기차다 매끄럽다 까다롭다 새롭다 곧다 속상하다 아름답다 귀엽다 순하다 즐거다 뜻깊다 감질나다 색다르다 차갑다 볼품없다 재미없다 정신없다 흔하다 습하다 무섭다 쩔다 눈부시다 뜻있다 걸맞다 멋있다 정답다 두렵다 시끄럽다 촌스럽다 무겁다 문제없다 급하다 멋들어지다 드넓다 재미나다 활기차다 외지다 엄청나다 험하다 느리다 더럽다 징그럽다 짙다 묘하다 빠르다 귀하다 세차다 뿌옇다 숨차다 커다랗다 아깝다 높다랗다 서럽다 어둡다 따숩다 어려우다 심심찮다 덥다 빨갛다 야무지다 아름다우다 정겹다 흥겹다 더우다 이쁘다 푸르르다 헛되다 싸다 예뻤다 목마르다 고되다 귀여우다 놀랍다 곱다 샛노랗다 슬프다 가볍다 뻔하다 예뿌다 앙증맞다 쨍하다 젊다 힘겹다 시뻘겋다 드럽다 맑다 푸르다 비싸다 과하다 박하다 쎄다 연하다 보드랍다 밝다 빡세다 그립다 동그랗다 깊다 환하다 족하다 새파랗다 약하다 알맞다 멀다 까맣다 손쉽다 짠하다 수많다 두껍다 낫다 뛰어나다 어설프다 찹다 낡다 어이없다 멋지다 무덥다
정란각/문화공감수정,0,고달프다 검붉다 틀림없다 알차다 흐드러지다 싫다 사이좋다 거침없다 사납다 점잖다 인상깊다 두드러지다 낯설다 외롭다 휑하다 하얗다 못지않다 만만찮다 벌겋다 따갑다 해맑다 쑥스럽다 지겨우다 드물다 버겁다 덩그러다 즐거웁다 달갑다 섭하다 시리다 바르다 드높다 짓궂다 가깝다 기막히다 거칠다 힘차다 얕다 살갑다 부끄럽다 친하다 헐벗다 반갑다 주옥같다 춥다 훤하다 적다 안타깝다 보람차다 가엾다 고르다 어여쁘다 굳세다 재미있다 서툴다 뜨겁다 후하다 우렁차다 즐겁다 우습다 어지럽다 비좁다 기쁘다 끊임없다 재빠르다 빼어나다 지겹다 시퍼렇다 생뚱맞다 추우다 뿌리깊다 오래다 이롭다 수줍다 서글프다 낯익다 적잖다 노랗다 싱그럽다 실하다 밉다 어렵다 아쉬우다 차다 구성지다 애처롭다 가까우다 붉다 힘드다 매섭다 오지다 거세다 번거롭다 하찮다 변함없다 낮다 파랗다 희다 값싸다 남다르다 좁다 여리다 잽싸다 유별나다 가파르다 새빨갛다 뼈저리다 줄기차다 매끄럽다 까다롭다 새롭다 곧다 속상하다 아름답다 귀엽다 순하다 즐거다 뜻깊다 색다르다 차갑다 재미없다 정신없다 주의깊다 흔하다 습하다 값지다 무섭다 쩔다 눈부시다 뜻있다 찰지다 걸맞다 미끄럽다 멋있다 정답다 두렵다 빡쎄다 시끄럽다 촌스럽다 무겁다 급하다 탁하다 드넓다 활기차다 외지다 엄청나다 아낌없다 씨다 험하다 벅차다 비탈지다 느리다 더럽다 경이롭다 짙다 묘하다 빠르다 폭넓다 귀하다 세차다 뿌옇다 숨차다 커다랗다 아깝다 옛스럽다 서럽다 높다랗다 어둡다 어려우다 따숩다 심심찮다 널럴하다 덥다 밤늦다 빨갛다 야무지다 아름다우다 정겹다 올곧다 흥겹다 용하다 새까맣다 더우다 누리다 쓸데없다 이쁘다 푸르르다 헛되다 싸다 고되다 귀여우다 특출나다 후지다 놀랍다 곱다 너그럽다 슬프다 구리다 가볍다 뻔하다 예뿌다 앙증맞다 쨍하다 젊다 성스럽다 힘겹다 드럽다 맑다 푸르다 비싸다 빡시다 찡하다 눈물겹다 과하다 쎄다 참하다 연하다 슬푸다 밝다 빡세다 그립다 우중충하다 동그랗다 깊다 환하다 족하다 약하다 알맞다 멀다 까맣다 손쉽다 짠하다 수많다 두껍다 낫다 억세다 어설프다 뛰어나다 찹다 낡다 어이없다 멋지다 무덥다
가덕도대항인공동굴,0,틀림없다 알차다 흐드러지다 싫다 인상깊다 낯설다 달갑다 못지않다 따갑다 해맑다 드물다 시리다 가깝다 기막히다 뜨거우다 힘차다 얕다 친하다 부끄럽다 반갑다 춥다 적다 안타깝다 고르다 굳세다 재미있다 서툴다 어지럽다 즐겁다 짙푸르다 어렵다 아쉬우다 따시다 붉다 힘드다 낮다 파랗다 변함없다 희다 좁다 가파르다 매끄럽다 새롭다 속상하다 아름답다 귀엽다 뜻깊다 차갑다 습하다 무섭다 쩔다 눈부시다 미끄럽다 멋있다 시끄럽다 무겁다 급하다 드넓다 엄청나다 험하다 느리다 더럽다 징그럽다 짙다 묘하다 빠르다 귀하다 어둡다 아깝다 따숩다 널럴하다 덥다 야무지다 아름다우다 정겹다 어두우다 이쁘다 싸다 고되다 슬프다 가볍다 젊다 힘겹다 맑다 푸르다 비싸다 박하다 연하다 밝다 그립다 동그랗다 깊다 환하다 수많다 멀다 까맣다 짠하다 두껍다 낫다 뛰어나다 낡다 어이없다 멋지다
캐니언파크 부산,0,알차다 싫다 거침없다 인상깊다 낯설다 외롭다 휑하다 하얗다 못지않다 바르다 드세다 짓궂다 가깝다 거칠다 뜨거우다 힘차다 얕다 친하다 부끄럽다 반갑다 춥다 적다 안타깝다 고르다 격하다 재미있다 서툴다 뜨겁다 즐겁다 어지럽다 넓디넓다 기쁘다 지겹다 오래다 수줍다 어렵다 아쉬우다 차다 가까우다 가쁘다 애처롭다 붉다 힘드다 오지다 번거롭다 하찮다 변함없다 낮다 희다 좁다 잽싸다 뼈저리다 까다롭다 새롭다 속상하다 아름답다 귀엽다 순하다 뜻깊다 색다르다 차갑다 재미없다 정신없다 습하다 무섭다 쩔다 눈부시다 걸맞다 미끄럽다 멋있다 빡쎄다 시끄럽다 촌스럽다 무겁다 급하다 재미나다 엄청나다 느리다 더럽다 징그럽다 묘하다 빠르다 폭넓다 세차다 뿌옇다 어둡다 아깝다 어려우다 덥다 밤늦다 빨갛다 야무지다 정겹다 용하다 어두우다 더우다 쓸데없다 이쁘다 싸다 귀여우다 냅다 놀랍다 곱다 슬프다 구리다 가볍다 뻔하다 예뿌다 앙증맞다 젊다 힘겹다 맑다 푸르다 비싸다 쎄다 연하다 단촐하다 밝다 빡세다 동그랗다 깊다 환하다 수많다 알맞다 까맣다 멀다 손쉽다 짠하다 두껍다 낫다 찹다 낡다 어이없다 멋지다
부산롯데월드,0,틀림없다 알차다 싫다 사이좋다 점잖다 인상깊다 낯설다 휑하다 하얗다 못지않다 따갑다 해맑다 드물다 덩그러다 섭하다 바르다 드세다 가깝다 거칠다 뜨거우다 얕다 친하다 부끄럽다 즐거우다 반갑다 춥다 미끄러우다 적다 안타깝다 보람차다 고르다 격하다 조그맣다 재미있다 뜨겁다 즐겁다 어지럽다 넓디넓다 비좁다 기쁘다 재빠르다 지겹다 시퍼렇다 추우다 오래다 수줍다 낯익다 적잖다 싱그럽다 실하다 밉다 어렵다 아쉬우다 따시다 차다 가까우다 붉다 힘드다 오지다 거세다 번거롭다 하찮다 낮다 파랗다 희다 남다르다 좁다 잽싸다 손색없다 가파르다 새롭다 곧다 속상하다 아름답다 귀엽다 순하다 뜻깊다 감질나다 색다르다 차갑다 볼품없다 재미없다 정신없다 흔하다 습하다 무섭다 쩔다 눈부시다 뜻있다 걸맞다 멋있다 시끄럽다 촌스럽다 무겁다 급하다 멋들어지다 드넓다 재미나다 활기차다 엄청나다 아낌없다 씨다 느리다 더럽다 징그럽다 짙다 묘하다 빠르다 폭넓다 세차다 따사롭다 뿌옇다 커다랗다 아깝다 어둡다 서럽다 따숩다 숨차다 어려우다 덥다 밤늦다 빨갛다 야물딱지다 야무지다 정겹다 흥겹다 새까맣다 어두우다 더우다 쓸데없다 이쁘다 싸다 목마르다 고되다 냅다 귀여우다 놀랍다 곱다 슬프다 구리다 가볍다 뻔하다 예뿌다 앙증맞다 쨍하다 젊다 힘겹다 드럽다 맑다 푸르다 비싸다 빡시다 과하다 쎄다 단촐하다 밝다 빡세다 그립다 동그랗다 깊다 환하다 약하다 알맞다 멀다 까맣다 손쉽다 짠하다 수많다 두껍다 낫다 뛰어나다 어설프다 낡다 어이없다 멋지다 후하다
동래온천길(온천천 산책코스),0,얄궂다 틀림없다 알차다 흐드러지다 싫다 사이좋다 거침없다 인상깊다 두드러지다 낯설다 하얗다 못지않다 따갑다 해맑다 쑥스럽다 지겨우다 드물다 버겁다 덩그러다 섭하다 시리다 드세다 바르다 가깝다 기막히다 거칠다 뜨거우다 얕다 친하다 주옥같다 부끄럽다 반갑다 춥다 훤하다 적다 안타깝다 고르다 굳세다 재미있다 뜨겁다 즐겁다 비좁다 기쁘다 재빠르다 숱하다 빼어나다 지겹다 생뚱맞다 추우다 오래다 이롭다 수줍다 짙붉다 서글프다 적잖다 노랗다 싱그럽다 보잘것없다 어렵다 아쉬우다 따시다 차다 애처롭다 가까우다 붉다 힘드다 매섭다 오지다 거세다 낮다 하찮다 파랗다 희다 남다르다 좁다 여리다 손색없다 잽싸다 가파르다 까다롭다 새롭다 곧다 속상하다 아름답다 귀엽다 순하다 즐거다 뜻깊다 색다르다 차갑다 볼품없다 재미없다 정신없다 흔하다 습하다 무섭다 쩔다 눈부시다 찰지다 걸맞다 멋있다 시끄럽다 무겁다 문제없다 급하다 드넓다 재미나다 엄청나다 파아랗다 씨다 험하다 벅차다 느리다 더럽다 경이롭다 짙다 그럴싸하다 묘하다 빠르다 귀하다 세차다 새하얗다 커다랗다 아깝다 어둡다 따숩다 어려우다 덥다 밤늦다 빨갛다 야무지다 아름다우다 정겹다 흥겹다 새까맣다 어두우다 더우다 흉하다 쓸데없다 이쁘다 헛되다 싸다 귀여우다 후지다 놀랍다 곱다 슬프다 구리다 가볍다 예뿌다 앙증맞다 쨍하다 젊다 힘겹다 시뻘겋다 드럽다 맑다 푸르다 비싸다 남부럽다 과하다 쎄다 연하다 밝다 빡세다 그립다 동그랗다 지리다 깊다 환하다 족하다 약하다 알맞다 멀다 까맣다 손쉽다 짠하다 수많다 두껍다 낫다 뛰어나다 찹다 낡다 어이없다 멋지다 무덥다
해운대 그린레일웨이 (미포~송정 구간),0,틀림없다 알차다 흐드러지다 싫다 사이좋다 거침없다 인상깊다 낯설다 외롭다 휑하다 하얗다 못지않다 만만찮다 벌겋다 따갑다 드물다 덩그러다 달갑다 섭하다 시리다 바르다 드높다 가깝다 거칠다 힘차다 얕다 살갑다 부끄럽다 친하다 헐벗다 반갑다 주옥같다 먹먹하다 춥다 훤하다 미끄러우다 적다 안타깝다 보람차다 고르다 조그맣다 재미있다 뜨겁다 우렁차다 즐겁다 우습다 어지럽다 그리우다 비좁다 재빠르다 숱하다 빼어나다 지겹다 생뚱맞다 추우다 오래다 수줍다 낯익다 노랗다 쪼그맣다 실하다 밉다 어렵다 아쉬우다 차다 가까우다 붉다 힘드다 오지다 거세다 번거롭다 낮다 파랗다 희다 값싸다 좁다 잽싸다 손색없다 가파르다 매끄럽다 까다롭다 새롭다 아름답다 귀엽다 뜻깊다 감질나다 색다르다 흔하다 차갑다 재미없다 정신없다 습하다 값지다 무섭다 눈부시다 걸맞다 미끄럽다 멋있다 두렵다 시끄럽다 촌스럽다 무겁다 희뿌옇다 급하다 드넓다 재미나다 활기차다 엄청나다 씨다 벅차다 느리다 더럽다 경이롭다 징그럽다 짙다 묘하다 빠르다 귀하다 세차다 뿌옇다 커다랗다 아깝다 어둡다 서럽다 어려우다 심심찮다 덥다 빨갛다 야무지다 아름다우다 정겹다 흥겹다 어두우다 더우다 쓸데없다 이쁘다 푸르르다 싸다 예뻤다 고되다 귀여우다 놀랍다 곱다 슬프다 가볍다 뻔하다 예뿌다 앙증맞다 쨍하다 젊다 힘겹다 드럽다 맑다 푸르다 비싸다 빡시다 과하다 쎄다 연하다 보드랍다 밝다 빡세다 그립다 동그랗다 지리다 깊다 환하다 족하다 약하다 수많다 알맞다 멀다 짠하다 두껍다 낫다 뛰어나다 찹다 낡다 멋지다 무덥다
부산 칠드런스 뮤지엄,0,틀림없다 알차다 싫다 사납다 인상깊다 낯설다 외롭다 휑하다 하얗다 못지않다 따갑다 해맑다 지겨우다 드물다 놀라우다 덩그러다 섭하다 시리다 바르다 짓궂다 가깝다 거칠다 뜨거우다 힘차다 얕다 친하다 부끄럽다 반갑다 춥다 미끄러우다 적다 안타깝다 보람차다 가엾다 고르다 조그맣다 재미있다 뜨겁다 즐겁다 우습다 어지럽다 비좁다 기쁘다 끊임없다 재빠르다 지겹다 생뚱맞다 추우다 오래다 낯익다 노랗다 쪼그맣다 실하다 어렵다 아쉬우다 차다 가까우다 가쁘다 붉다 힘드다 오지다 거세다 낮다 하찮다 변함없다 파랗다 희다 남다르다 좁다 여리다 손색없다 잽싸다 가파르다 뼈저리다 쿨하다 새롭다 곧다 속상하다 아름답다 귀엽다 즐거다 새로우다 뜻깊다 색다르다 차갑다 재미없다 정신없다 흔하다 습하다 무섭다 쩔다 찰지다 걸맞다 미끄럽다 멋있다 두렵다 시끄럽다 무겁다 희뿌옇다 문제없다 급하다 탁하다 드넓다 재미나다 활기차다 엄청나다 험하다 느리다 더럽다 경이롭다 징그럽다 짙다 그럴싸하다 묘하다 빠르다 폭넓다 뿌옇다 커다랗다 아깝다 어둡다 서럽다 따숩다 어려우다 심심찮다 널럴하다 덥다 밤늦다 빨갛다 야무지다 아름다우다 정겹다 흥겹다 더우다 쓸데없다 이쁘다 푸르르다 더러우다 싸다 예뻤다 목마르다 귀여우다 냅다 놀랍다 곱다 슬프다 구리다 가볍다 뻔하다 예뿌다 앙증맞다 젊다 힘겹다 맑다 푸르다 비싸다 빡시다 과하다 쎄다 연하다 슬푸다 단촐하다 밝다 빡세다 그립다 우중충하다 지리다 깊다 환하다 족하다 알맞다 멀다 까맣다 손쉽다 짠하다 수많다 두껍다 낫다 찹다 어설프다 낡다 어이없다 멋지다 후하다
오륙도해맞이공원,0,검붉다 틀림없다 알차다 흐드러지다 싫다 꿈같다 인상깊다 낯설다 외롭다 휑하다 하얗다 못지않다 따갑다 쑥스럽다 드물다 버겁다 달갑다 시리다 바르다 가깝다 거칠다 힘차다 얕다 친하다 부끄럽다 반갑다 춥다 훤하다 적다 안타깝다 고르다 조그맣다 재미있다 뜨겁다 우렁차다 즐겁다 어지럽다 기쁘다 끊임없다 빼어나다 지겹다 생뚱맞다 오래다 낯익다 노랗다 싱그럽다 실하다 밉다 어렵다 아쉬우다 따시다 차다 가까우다 붉다 힘드다 매섭다 오지다 거세다 번거롭다 하찮다 변함없다 낮다 파랗다 희다 남다르다 좁다 잽싸다 손색없다 노오랗다 가파르다 새롭다 속상하다 아름답다 귀엽다 순하다 색다르다 차갑다 재미없다 정신없다 흔하다 습하다 무섭다 쩔다 눈부시다 찰지다 걸맞다 미끄럽다 멋있다 시끄럽다 촌스럽다 무겁다 급하다 드넓다 재미나다 엄청나다 험하다 느리다 더럽다 짙다 좁디좁다 묘하다 빠르다 세차다 따사롭다 뿌옇다 어둡다 아깝다 숨차다 어려우다 심심찮다 덥다 빨갛다 야무지다 아름다우다 정겹다 더우다 쓸데없다 이쁘다 푸르르다 싸다 예뻤다 귀여우다 놀랍다 곱다 샛노랗다 슬프다 구리다 가볍다 예뿌다 앙증맞다 쨍하다 젊다 기똥차다 힘겹다 시뻘겋다 맑다 푸르다 비싸다 빡시다 과하다 쎄다 밝다 빡세다 그립다 동그랗다 깊다 환하다 족하다 약하다 알맞다 멀다 손쉽다 수많다 억세다 낫다 뛰어나다 어설프다 높디높다 낡다 어이없다 멋지다 후하다
달맞이동산,0,틀림없다 알차다 흐드러지다 싫다 사이좋다 거침없다 인상깊다 낯설다 외롭다 휑하다 하얗다 못지않다 해맑다 지겨우다 드물다 덩그러다 즐거웁다 섭하다 드세다 드높다 가깝다 거칠다 감명깊다 힘차다 얕다 친하다 부끄럽다 반갑다 춥다 훤하다 미끄러우다 적다 안타깝다 보람차다 고르다 격하다 조그맣다 재미있다 뜨겁다 즐겁다 어지럽다 비좁다 기쁘다 끊임없다 재빠르다 지겹다 추우다 오래다 수줍다 노랗다 실하다 어렵다 아쉬우다 차다 가까우다 붉다 힘드다 매섭다 오지다 거세다 번거롭다 하찮다 변함없다 낮다 파랗다 희다 남다르다 좁다 여리다 손색없다 잽싸다 가파르다 뼈저리다 줄기차다 매끄럽다 까다롭다 새롭다 고풍스럽다 아름답다 귀엽다 퍼렇다 뜻깊다 감질나다 색다르다 차갑다 재미없다 정신없다 흔하다 습하다 값지다 무섭다 쩔다 눈부시다 걸맞다 미끄럽다 멋있다 두렵다 시끄럽다 촌스럽다 무겁다 급하다 탁하다 멋들어지다 드넓다 재미나다 활기차다 외지다 엄청나다 험하다 느리다 경이롭다 징그럽다 짙다 묘하다 빠르다 귀하다 세차다 뿌옇다 새하얗다 커다랗다 아깝다 어둡다 따숩다 어려우다 심심찮다 덥다 빨갛다 야무지다 정겹다 어두우다 더우다 쓸데없다 이쁘다 헛되다 싸다 예뻤다 고되다 귀여우다 특출나다 놀랍다 곱다 슬프다 구리다 가볍다 뻔하다 예뿌다 앙증맞다 쨍하다 젊다 드럽다 맑다 푸르다 비싸다 과하다 쎄다 참하다 연하다 단촐하다 밝다 빡세다 그립다 동그랗다 지리다 깊다 환하다 메마르다 새파랗다 약하다 많고많다 알맞다 까맣다 멀다 손쉽다 두껍다 수많다 낫다 뛰어나다 찹다 낡다 어이없다 멋지다 무덥다
대천공원,0,검붉다 틀림없다 알차다 흐드러지다 싫다 낯설다 외롭다 해맑다 섭하다 드세다 드높다 가깝다 거칠다 힘차다 얕다 친하다 부끄럽다 과하다 헐벗다 반갑다 춥다 적다 고르다 조그맣다 재미있다 뜨겁다 즐겁다 기쁘다 지겹다 수줍다 낯익다 노랗다 어렵다 아쉬우다 차다 붉다 힘드다 오지다 낮다 파랗다 변함없다 희다 잽싸다 가파르다 새롭다 퍼렇다 속상하다 아름답다 귀엽다 즐거다 색다르다 흔하다 차갑다 재미없다 정신없다 습하다 무섭다 쩔다 걸맞다 미끄럽다 멋있다 정답다 시끄럽다 촌스럽다 무겁다 문제없다 급하다 멋들어지다 드넓다 엄청나다 씨다 험하다 벅차다 느리다 더럽다 짙다 빠르다 귀하다 어둡다 아깝다 덥다 야물딱지다 야무지다 올곧다 새까맣다 더우다 쓸데없다 이쁘다 싸다 예뻤다 귀여우다 놀랍다 곱다 슬프다 구리다 도드라지다 가볍다 뻔하다 예뿌다 쨍하다 젊다 힘겹다 맑다 푸르다 비싸다 쎄다 밝다 빡세다 그립다 깊다 수많다 많고많다 멀다 두껍다 낫다 어이없다 멋지다 후하다
소름요,0,틀림없다 알차다 흐드러지다 싫다 사이좋다 사납다 인상깊다 두드러지다 낯설다 외롭다 휑하다 하얗다 못지않다 영하다 벌겋다 따갑다 해맑다 쑥스럽다 드물다 덩그러다 달갑다 섭하다 끄떡없다 시리다 드세다 바르다 가깝다 캄캄하다 거칠다 감명깊다 뜨거우다 기막히다 힘차다 얕다 친하다 부끄럽다 즐거우다 반갑다 청승맞다 춥다 훤하다 미끄러우다 적다 안타깝다 고르다 격하다 조그맣다 어여쁘다 재미있다 서툴다 뜨겁다 후하다 우렁차다 즐겁다 우습다 어지럽다 비좁다 기쁘다 끊임없다 재빠르다 시렵다 지겹다 시퍼렇다 생뚱맞다 추우다 오래다 수줍다 서글프다 적잖다 노랗다 쪼그맣다 실하다 밉다 부시다 어렵다 아쉬우다 따시다 차다 가까우다 붉다 힘드다 오지다 빛바래다 거세다 낮다 하찮다 변함없다 파랗다 희다 요상하다 남다르다 좁다 여리다 손색없다 잽싸다 가파르다 새빨갛다 뼈저리다 줄기차다 쿨하다 매끄럽다 까다롭다 새롭다 퍼렇다 속상하다 아름답다 귀엽다 순하다 즐거다 뜻깊다 색다르다 차갑다 볼품없다 재미없다 정신없다 흔하다 습하다 값지다 무섭다 쩔다 눈부시다 찰지다 걸맞다 미끄럽다 멋있다 정답다 두렵다 빡쎄다 시끄럽다 촌스럽다 무겁다 문제없다 급하다 멋들어지다 드넓다 재미나다 활기차다 엄청나다 아낌없다 씨다 험하다 벅차다 느리다 더럽다 경이롭다 징그럽다 짙다 그럴싸하다 묘하다 빠르다 귀하다 세차다 뿌옇다 새하얗다 커다랗다 아깝다 어둡다 서럽다 따숩다 숨차다 어려우다 심심찮다 희망차다 덥다 밤늦다 빨갛다 야물딱지다 야무지다 정겹다 용하다 새까맣다 더우다 누리다 쓸데없다 이쁘다 더러우다 헛되다 싸다 예뻤다 고되다 냅다 귀여우다 특출나다 놀랍다 곱다 너그럽다 슬프다 구리다 가볍다 뻔하다 예뿌다 앙증맞다 쨍하다 젊다 기똥차다 힘겹다 드럽다 맑다 푸르다 비싸다 빡시다 불티나다 남부럽다 찡하다 과하다 쎄다 참하다 연하다 단촐하다 밝다 보드랍다 빡세다 그립다 우중충하다 동그랗다 지리다 깊다 환하다 족하다 새파랗다 약하다 알맞다 멀다 까맣다 손쉽다 짠하다 수많다 두껍다 낫다 억세다 어설프다 뛰어나다 찹다 낡다 어이없다 멋지다 무덥다
신세계 센텀시티,0,틀림없다 알차다 싫다 사이좋다 사납다 인상깊다 낯설다 외롭다 휑하다 하얗다 못지않다 영하다 따갑다 해맑다 지겨우다 드물다 버겁다 덩그러다 섭하다 바르다 드세다 가깝다 거칠다 뜨거우다 힘차다 얕다 친하다 부끄럽다 반갑다 청승맞다 춥다 훤하다 적다 안타깝다 보람차다 고르다 격하다 조그맣다 재미있다 뜨겁다 즐겁다 우습다 어지럽다 비좁다 기쁘다 끊임없다 새카맣다 재빠르다 시렵다 지겹다 추우다 오래다 수줍다 낯익다 노랗다 쪼그맣다 실하다 밉다 어렵다 아쉬우다 차다 가까우다 붉다 힘드다 오지다 거세다 번거롭다 하찮다 낮다 파랗다 희다 요상하다 남다르다 좁다 잽싸다 손색없다 유별나다 가파르다 줄기차다 매끄럽다 까다롭다 새롭다 속상하다 아름답다 귀엽다 순하다 즐거다 뜻깊다 감질나다 색다르다 차갑다 재미없다 정신없다 흔하다 습하다 무섭다 쩔다 눈부시다 걸맞다 멋있다 두렵다 시끄럽다 촌스럽다 무겁다 문제없다 급하다 탁하다 드넓다 활기차다 엄청나다 씨다 험하다 느리다 더럽다 경이롭다 징그럽다 짙다 묘하다 빠르다 귀하다 세차다 뿌옇다 커다랗다 아깝다 어둡다 서럽다 따숩다 어려우다 심심찮다 덥다 밤늦다 빨갛다 야물딱지다 야무지다 정겹다 더우다 누리다 쓸데없다 이쁘다 푸르르다 헛되다 싸다 고되다 냅다 귀여우다 놀랍다 곱다 슬프다 구리다 가볍다 뻔하다 예뿌다 앙증맞다 젊다 기똥차다 힘겹다 드럽다 맑다 푸르다 비싸다 빡시다 과하다 박하다 쎄다 참하다 연하다 보드랍다 밝다 빡세다 그립다 우중충하다 동그랗다 지리다 깊다 환하다 족하다 새파랗다 약하다 알맞다 멀다 까맣다 손쉽다 두껍다 수많다 억세다 낫다 뛰어나다 어설프다 찹다 낡다 어이없다 멋지다 후하다
낙동강하구에코센터,0,틀림없다 알차다 흐드러지다 싫다 사납다 점잖다 인상깊다 두드러지다 낯설다 외롭다 휑하다 하얗다 못지않다 만만찮다 벌겋다 따갑다 해맑다 드물다 버겁다 덩그러다 섭하다 시리다 바르다 가깝다 거칠다 힘차다 얕다 살갑다 부끄럽다 친하다 반갑다 먹먹하다 춥다 적다 안타깝다 보람차다 고르다 조그맣다 재미있다 뜨겁다 후하다 우렁차다 즐겁다 우습다 어지럽다 넓디넓다 비좁다 기쁘다 끊임없다 재빠르다 빼어나다 지겹다 시퍼렇다 오래다 이롭다 수줍다 서글프다 낯익다 적잖다 노랗다 싱그럽다 밉다 어렵다 차다 구성지다 가까우다 붉다 힘드다 매섭다 거세다 번거롭다 하찮다 낮다 희다 남다르다 좁다 잽싸다 손색없다 유별나다 가파르다 줄기차다 까다롭다 새롭다 특별나다 곧다 아름답다 귀엽다 순하다 뜻깊다 차갑다 재미없다 정신없다 흔하다 습하다 무섭다 눈부시다 찰지다 걸맞다 미끄럽다 멋있다 정답다 두렵다 시끄럽다 무겁다 문제없다 급하다 탁하다 드넓다 재미나다 활기차다 외지다 엄청나다 아낌없다 험하다 벅차다 비탈지다 느리다 더럽다 경이롭다 짙다 묘하다 빠르다 폭넓다 귀하다 세차다 뿌옇다 숨차다 커다랗다 아깝다 어둡다 서럽다 어려우다 심심찮다 덥다 밤늦다 빨갛다 야무지다 아름다우다 정겹다 흥겹다 새까맣다 더우다 흉하다 누리다 쓸데없다 이쁘다 싸다 예뻤다 익다 고되다 귀여우다 특출나다 놀랍다 곱다 슬프다 구리다 가볍다 뻔하다 예뿌다 앙증맞다 쨍하다 젊다 성스럽다 힘겹다 드럽다 맑다 푸르다 비싸다 눈물겹다 박하다 쎄다 과하다 연하다 밝다 빡세다 그립다 지리다 깊다 환하다 족하다 새파랗다 약하다 알맞다 멀다 까맣다 유례없다 손쉽다 두껍다 수많다 낫다 뛰어나다 어설프다 낡다 멋없다 어이없다 멋지다 무덥다
해운대 동백섬,0,얄궂다 검붉다 틀림없다 알차다 흐드러지다 싫다 사이좋다 거침없다 꿈같다 인상깊다 낯설다 외롭다 하얗다 못지않다 영하다 만만찮다 따갑다 해맑다 쑥스럽다 지겨우다 드물다 달갑다 섭하다 끄떡없다 드세다 가깝다 캄캄하다 거칠다 감명깊다 기막히다 힘차다 얕다 친하다 부끄럽다 반갑다 춥다 훤하다 미끄러우다 적다 안타깝다 가엾다 고르다 굳세다 조그맣다 재미있다 뜨겁다 후하다 즐겁다 어지럽다 넓디넓다 비좁다 기쁘다 끊임없다 재빠르다 지겹다 시퍼렇다 생뚱맞다 추우다 오래다 수줍다 노랗다 싱그럽다 실하다 밉다 어렵다 아쉬우다 따시다 차다 가쁘다 애처롭다 가까우다 붉다 힘드다 매섭다 오지다 거세다 낮다 하찮다 변함없다 파랗다 희다 값싸다 남다르다 좁다 여리다 손색없다 잽싸다 가파르다 매끄럽다 까다롭다 새롭다 곧다 속상하다 아름답다 귀엽다 퍼렇다 순하다 즐거다 뜻깊다 감질나다 색다르다 차갑다 재미없다 정신없다 흔하다 습하다 값지다 무섭다 쩔다 눈부시다 찰지다 걸맞다 미끄럽다 멋있다 두렵다 시끄럽다 촌스럽다 무겁다 희뿌옇다 급하다 멋들어지다 드넓다 재미나다 활기차다 외지다 엄청나다 험하다 느리다 더럽다 경이롭다 징그럽다 짙다 묘하다 빠르다 귀하다 세차다 뿌옇다 새하얗다 커다랗다 아깝다 어둡다 서럽다 따숩다 어려우다 심심찮다 덥다 밤늦다 빨갛다 야무지다 아름다우다 정겹다 어두우다 더우다 이쁘다 푸르르다 싸다 예뻤다 목마르다 고되다 귀여우다 후지다 놀랍다 곱다 슬프다 구리다 가볍다 뻔하다 예뿌다 앙증맞다 쨍하다 젊다 드럽다 맑다 푸르다 비싸다 과하다 박하다 쎄다 연하다 슬푸다 단촐하다 밝다 보드랍다 빡세다 그립다 동그랗다 깊다 환하다 족하다 새파랗다 약하다 알맞다 멀다 까맣다 손쉽다 두껍다 수많다 낫다 뛰어나다 어설프다 찹다 낡다 어이없다 멋지다 무덥다
다대포해수욕장,0,틀림없다 알차다 싫다 사이좋다 사납다 꿈같다 점잖다 인상깊다 낯설다 외롭다 휑하다 하얗다 못지않다 벌겋다 해맑다 지겨우다 드물다 버겁다 덩그러다 섭하다 시리다 드세다 바르다 가깝다 기막히다 거칠다 뜨거우다 힘차다 얕다 살갑다 부끄럽다 친하다 헐벗다 반갑다 춥다 적다 안타깝다 보람차다 고르다 격하다 조그맣다 어여쁘다 재미있다 굳세다 뜨겁다 즐겁다 우습다 어지럽다 넓디넓다 비좁다 기쁘다 지겹다 추우다 오래다 수줍다 낯익다 노랗다 싱그럽다 실하다 밉다 어렵다 아쉬우다 따시다 차다 가까우다 붉다 힘드다 매섭다 오지다 거세다 낮다 하찮다 변함없다 파랗다 희다 값싸다 좁다 손색없다 가파르다 새빨갛다 뼈저리다 까다롭다 새롭다 특별나다 속상하다 아름답다 귀엽다 순하다 즐거다 뜻깊다 색다르다 차갑다 재미없다 정신없다 주의깊다 흔하다 습하다 무섭다 쩔다 눈부시다 걸맞다 미끄럽다 멋있다 정답다 두렵다 빡쎄다 시끄럽다 촌스럽다 무겁다 문제없다 급하다 탁하다 드넓다 재미나다 활기차다 외지다 엄청나다 씨다 험하다 벅차다 느리다 더럽다 경이롭다 징그럽다 짙다 묘하다 빠르다 귀하다 세차다 따사롭다 뿌옇다 커다랗다 아깝다 어둡다 서럽다 따숩다 어려우다 심심찮다 덥다 밤늦다 빨갛다 야물딱지다 야무지다 아름다우다 정겹다 새까맣다 더우다 쓸데없다 이쁘다 싸다 예뻤다 귀여우다 놀랍다 곱다 슬프다 구리다 가볍다 뻔하다 예뿌다 앙증맞다 쨍하다 젊다 기똥차다 힘겹다 시뻘겋다 드럽다 맑다 푸르다 비싸다 빡시다 과하다 쎄다 마땅찮다 연하다 보드랍다 밝다 빡세다 그립다 동그랗다 깊다 환하다 약하다 알맞다 멀다 까맣다 두껍다 수많다 억세다 낫다 뛰어나다 찹다 낡다 멋없다 어이없다 멋지다
장안사(부산),0,흔하다 싸다 비좁다 습하다 무섭다 알차다 싫다 걸맞다 오래다 멋있다 시끄럽다 놀랍다 무겁다 급하다 드넓다 가볍다 예뿌다 앙증맞다 하얗다 못지않다 어렵다 차다 드럽다 맑다 붉다 푸르다 비싸다 차갑다 짙다 해맑다 빠르다 과하다 귀하다 뿌옇다 커다랗다 아깝다 어둡다 드세다 낮다 이쁘다 밝다 그립다 거칠다 좁다 덥다 얕다 깊다 야무지다 반갑다 가파르다 정겹다 멀다 춥다 알맞다 적다 새롭다 수많다 귀엽다 낫다 아름답다 용하다 즐거다 흥겹다 엄청나다 뜻깊다 재미있다 멋지다 뜨겁다 즐겁다 정신없다
태종사,0,틀림없다 알차다 흐드러지다 싫다 사이좋다 인상깊다 낯설다 휑하다 하얗다 못지않다 지겨우다 섭하다 드세다 짓궂다 가깝다 기막히다 거칠다 뜨거우다 힘차다 얕다 부끄럽다 반갑다 춥다 훤하다 적다 안타깝다 보람차다 고르다 조그맣다 재미있다 서툴다 뜨겁다 즐겁다 우습다 어지럽다 넓디넓다 새카맣다 재빠르다 지겹다 추우다 뿌리깊다 오래다 수줍다 노랗다 싱그럽다 부시다 어렵다 아쉬우다 차다 가까우다 애처롭다 붉다 힘드다 오지다 횡하다 거세다 번거롭다 하찮다 낮다 파랗다 남다르다 좁다 잽싸다 손색없다 역하다 가파르다 새롭다 곧다 아름답다 귀엽다 순하다 뜻깊다 감질나다 색다르다 차갑다 재미없다 정신없다 흔하다 습하다 무섭다 쩔다 눈부시다 찰지다 걸맞다 미끄럽다 멋있다 두렵다 빡쎄다 시끄럽다 촌스럽다 무겁다 희뿌옇다 급하다 드넓다 활기차다 엄청나다 험하다 벅차다 느리다 더럽다 짙다 그럴싸하다 묘하다 빠르다 귀하다 세차다 뿌옇다 새하얗다 커다랗다 아깝다 어둡다 서럽다 따숩다 어려우다 심심찮다 덥다 빨갛다 야무지다 아름다우다 정겹다 새까맣다 더우다 누리다 쓸데없다 이쁘다 푸르르다 헛되다 싸다 귀여우다 냅다 놀랍다 곱다 슬프다 구리다 가볍다 예뿌다 앙증맞다 쨍하다 젊다 기똥차다 힘겹다 시뻘겋다 드럽다 맑다 푸르다 비싸다 빡시다 과하다 쎄다 연하다 단촐하다 밝다 빡세다 그립다 동그랗다 지리다 깊다 환하다 족하다 새파랗다 약하다 알맞다 멀다 까맣다 손쉽다 짠하다 수많다 두껍다 낫다 찹다 낡다 어이없다 멋지다 후하다
초량교회,0,틀림없다 알차다 싫다 사이좋다 거침없다 점잖다 인상깊다 낯설다 외롭다 하얗다 달갑다 못지않다 따갑다 해맑다 드물다 섭하다 시리다 가깝다 감명깊다 힘차다 친하다 부끄럽다 반갑다 춥다 적다 안타깝다 보람차다 고르다 굳세다 재미있다 뜨겁다 우렁차다 즐겁다 우습다 어지럽다 비좁다 기쁘다 끊임없다 숱하다 지겹다 시퍼렇다 생뚱맞다 이롭다 서글프다 낯익다 어렵다 아쉬우다 붉다 힘드다 번거롭다 낮다 파랗다 희다 좁다 손색없다 가파르다 뼈저리다 까다롭다 새롭다 아름답다 귀엽다 뜻깊다 색다르다 차갑다 재미없다 정신없다 흔하다 습하다 무섭다 뜻있다 걸맞다 멋있다 정답다 두렵다 시끄럽다 촌스럽다 무겁다 급하다 엄청나다 험하다 벅차다 느리다 더럽다 짙다 묘하다 빠르다 폭넓다 귀하다 새하얗다 어둡다 아깝다 따숩다 어려우다 심심찮다 덥다 밤늦다 야무지다 아름다우다 정겹다 더우다 이쁘다 싸다 예뻤다 목마르다 고되다 귀여우다 놀랍다 곱다 슬프다 가볍다 뻔하다 예뿌다 앙증맞다 젊다 힘겹다 맑다 푸르다 비싸다 과하다 쎄다 연하다 보드랍다 밝다 빡세다 그립다 동그랗다 깊다 환하다 메마르다 약하다 알맞다 멀다 까맣다 손쉽다 두껍다 수많다 낫다 뛰어나다 어설프다 낡다 어이없다 멋지다 무덥다
해동 용궁사(부산),0,검붉다 틀림없다 알차다 싫다 사이좋다 인상깊다 낯설다 외롭다 휑하다 하얗다 못지않다 영하다 따갑다 드물다 덩그러다 달갑다 섭하다 시리다 바르다 가깝다 거칠다 뜨거우다 힘차다 얕다 살갑다 부끄럽다 반갑다 춥다 미끄러우다 적다 안타깝다 가엾다 고르다 굳세다 조그맣다 재미있다 뜨겁다 즐겁다 우습다 어지럽다 그리우다 비좁다 기쁘다 끊임없다 새카맣다 빼어나다 지겹다 생뚱맞다 오래다 이롭다 수줍다 낯익다 노랗다 싱그럽다 실하다 부시다 어렵다 아쉬우다 차다 가까우다 붉다 힘드다 오지다 거세다 번거롭다 하찮다 변함없다 낮다 파랗다 남다르다 좁다 잽싸다 가파르다 여유있다 새롭다 특별나다 속상하다 곧다 아름답다 귀엽다 즐거다 새로우다 뜻깊다 색다르다 차갑다 재미없다 정신없다 주의깊다 흔하다 습하다 무섭다 쩔다 눈부시다 뜻있다 걸맞다 미끄럽다 멋있다 두렵다 빡쎄다 시끄럽다 촌스럽다 무겁다 문제없다 급하다 멋들어지다 드넓다 재미나다 활기차다 엄청나다 험하다 느리다 더럽다 경이롭다 징그럽다 좁디좁다 짙다 그럴싸하다 묘하다 빠르다 귀하다 세차다 뿌옇다 커다랗다 아깝다 옛스럽다 어둡다 따숩다 어려우다 덥다 밤늦다 빨갛다 야무지다 아름다우다 정겹다 새까맣다 어두우다 더우다 이쁘다 푸르르다 헛되다 싸다 목마르다 고되다 냅다 귀여우다 놀랍다 곱다 슬프다 구리다 가볍다 예뿌다 앙증맞다 쨍하다 젊다 힘겹다 맑다 푸르다 비싸다 남부럽다 과하다 박하다 쎄다 연하다 단촐하다 밝다 빡세다 그립다 동그랗다 깊다 환하다 새파랗다 약하다 알맞다 멀다 까맣다 손쉽다 짠하다 수많다 두껍다 낫다 뛰어나다 어설프다 찹다 낡다 어이없다 멋지다 무덥다
부산 중앙공원,0,얄궂다 틀림없다 알차다 흐드러지다 싫다 사이좋다 인상깊다 낯설다 외롭다 휑하다 하얗다 못지않다 만만찮다 따갑다 해맑다 드물다 달갑다 섭하다 드세다 가깝다 기막히다 거칠다 감명깊다 힘차다 얕다 살갑다 부끄럽다 반갑다 청승맞다 춥다 훤하다 적다 안타깝다 고르다 격하다 조그맣다 재미있다 굳세다 서툴다 뜨겁다 후하다 즐겁다 어지럽다 넓디넓다 비좁다 기쁘다 끊임없다 재빠르다 빼어나다 지겹다 추우다 오래다 수줍다 적잖다 노랗다 맑디맑다 싱그럽다 실하다 어렵다 아쉬우다 차다 가까우다 붉다 힘드다 오지다 거세다 번거롭다 하찮다 변함없다 낮다 파랗다 희다 좁다 잽싸다 손색없다 유별나다 가파르다 까다롭다 새롭다 곧다 속상하다 아름답다 귀엽다 순하다 즐거다 뜻깊다 색다르다 차갑다 볼품없다 재미없다 정신없다 흔하다 습하다 무섭다 쩔다 눈부시다 찰지다 걸맞다 미끄럽다 멋있다 정답다 두렵다 시끄럽다 무겁다 문제없다 급하다 드넓다 재미나다 활기차다 외지다 엄청나다 험하다 벅차다 느리다 더럽다 경이롭다 짙다 묘하다 빠르다 귀하다 세차다 뿌옇다 어둡다 아깝다 따숩다 어려우다 심심찮다 덥다 밤늦다 빨갛다 야물딱지다 야무지다 아름다우다 정겹다 흥겹다 더우다 쓸데없다 이쁘다 싸다 예뻤다 고되다 귀여우다 놀랍다 곱다 슬프다 가볍다 뻔하다 예뿌다 앙증맞다 쨍하다 젊다 힘겹다 드럽다 맑다 푸르다 비싸다 빡시다 과하다 박하다 쎄다 연하다 보드랍다 밝다 빡세다 그립다 동그랗다 깊다 환하다 약하다 알맞다 멀다 까맣다 유례없다 손쉽다 두껍다 수많다 낫다 뛰어나다 어설프다 찹다 낡다 어이없다 멋지다 무덥다
친환경 스카이웨이 전망대(이바구길),0,얄궂다 틀림없다 알차다 흐드러지다 싫다 사이좋다 사납다 인상깊다 낯설다 외롭다 휑하다 하얗다 못지않다 만만찮다 따갑다 해맑다 드물다 버겁다 덩그러다 경사지다 달갑다 섭하다 시리다 드세다 드높다 가깝다 거칠다 감명깊다 힘차다 얕다 살갑다 부끄럽다 친하다 반갑다 먹먹하다 춥다 미끄러우다 적다 안타깝다 고르다 격하다 조그맣다 재미있다 굳세다 뜨겁다 후하다 즐겁다 우습다 어지럽다 넓디넓다 비좁다 기쁘다 끊임없다 재빠르다 빼어나다 지겹다 시퍼렇다 생뚱맞다 오래다 수줍다 낯익다 적잖다 노랗다 쪼그맣다 싱그럽다 실하다 밉다 어렵다 아쉬우다 차다 가까우다 어두다 붉다 힘드다 매섭다 오지다 거세다 번거롭다 하찮다 낮다 파랗다 희다 값싸다 남다르다 좁다 여리다 손색없다 잽싸다 가파르다 까다롭다 새롭다 곧다 속상하다 아름답다 귀엽다 뜻깊다 색다르다 차갑다 재미없다 정신없다 흔하다 습하다 값지다 무섭다 눈부시다 걸맞다 미끄럽다 멋있다 정답다 두렵다 시끄럽다 촌스럽다 무겁다 희뿌옇다 문제없다 급하다 멋들어지다 드넓다 재미나다 활기차다 엄청나다 험하다 느리다 더럽다 징그럽다 짙다 묘하다 빠르다 폭넓다 세차다 뿌옇다 커다랗다 아깝다 옛스럽다 서럽다 어둡다 따숩다 어려우다 심심찮다 널럴하다 덥다 야무지다 아름다우다 정겹다 올곧다 흥겹다 더우다 쓸데없다 이쁘다 푸르르다 싸다 예뻤다 고되다 냅다 귀여우다 놀랍다 곱다 슬프다 구리다 가볍다 예뿌다 앙증맞다 쨍하다 젊다 힘겹다 맑다 푸르다 비싸다 남부럽다 과하다 쎄다 밝다 빡세다 그립다 동그랗다 깊다 환하다 약하다 알맞다 멀다 손쉽다 두껍다 수많다 낫다 뛰어나다 어설프다 찹다 낡다 어이없다 멋지다 무덥다
민주공원,0,고달프다 틀림없다 알차다 흐드러지다 싫다 사이좋다 거침없다 사납다 점잖다 인상깊다 두드러지다 낯설다 외롭다 휑하다 하얗다 못지않다 만만찮다 벌겋다 따갑다 해맑다 드물다 버겁다 덩그러다 달갑다 섭하다 시리다 드세다 드높다 바르다 짓궂다 가깝다 거칠다 감명깊다 뜨거우다 힘차다 얕다 친하다 부끄럽다 주옥같다 헐벗다 반갑다 춥다 훤하다 적다 안타깝다 고르다 격하다 조그맣다 재미있다 굳세다 서툴다 뜨겁다 후하다 우렁차다 즐겁다 우습다 어지럽다 그리우다 비좁다 기쁘다 끊임없다 재빠르다 숱하다 지겹다 시퍼렇다 추우다 뿌리깊다 오래다 이롭다 수줍다 낯익다 적잖다 노랗다 싱그럽다 보잘것없다 실하다 밉다 어렵다 아쉬우다 따시다 차다 가쁘다 구성지다 가까우다 붉다 힘드다 매섭다 오지다 빛바래다 모자라다 거세다 번거롭다 하찮다 변함없다 낮다 파랗다 희다 값싸다 요상하다 좁다 여리다 손색없다 잽싸다 역하다 남다르다 유별나다 가파르다 새빨갛다 줄기차다 매끄럽다 까다롭다 새롭다 곧다 속상하다 아름답다 귀엽다 순하다 즐거다 뜻깊다 색다르다 차갑다 볼품없다 재미없다 정신없다 주의깊다 흔하다 습하다 값지다 무섭다 쩔다 눈부시다 뜻있다 걸맞다 미끄럽다 멋있다 정답다 두렵다 시끄럽다 무겁다 문제없다 급하다 멋들어지다 드넓다 재미나다 활기차다 엄청나다 아낌없다 씨다 험하다 벅차다 느리다 더럽다 경이롭다 징그럽다 좁디좁다 짙다 묘하다 빠르다 폭넓다 귀하다 새하얗다 커다랗다 아깝다 어둡다 서럽다 따숩다 어려우다 심심찮다 똑바르다 희망차다 덥다 밤늦다 빨갛다 야무지다 아름다우다 정겹다 올곧다 용하다 새까맣다 더우다 누리다 쓸데없다 이쁘다 더러우다 헛되다 싸다 예뻤다 목마르다 고되다 냅다 귀여우다 특출나다 놀랍다 곱다 너그럽다 슬프다 구리다 가볍다 뻔하다 예뿌다 앙증맞다 젊다 기똥차다 힘겹다 시뻘겋다 드럽다 맑다 푸르다 비싸다 빡시다 찡하다 과하다 박하다 쎄다 참하다 연하다 단촐하다 밝다 보드랍다 빡세다 그립다 동그랗다 깊다 환하다 족하다 메마르다 약하다 알맞다 멀다 까맣다 유례없다 손쉽다 짠하다 수많다 두껍다 낫다 억세다 어설프다 뛰어나다 찹다 낡다 어이없다 멋지다 무덥다
태종대온천찜질방,0,틀림없다 알차다 흐드러지다 싫다 사이좋다 거침없다 사납다 인상깊다 두드러지다 낯설다 외롭다 휑하다 하얗다 못지않다 달디달다 만만찮다 벌겋다 따갑다 해맑다 지겨우다 드물다 섭하다 가깝다 기막히다 거칠다 뜨거우다 힘차다 얕다 친하다 부끄럽다 반갑다 춥다 훤하다 적다 안타깝다 고르다 격하다 조그맣다 재미있다 굳세다 뜨겁다 즐겁다 어지럽다 넓디넓다 비좁다 기쁘다 끊임없다 재빠르다 숱하다 지겹다 생뚱맞다 추우다 뿌리깊다 오래다 수줍다 서글프다 낯익다 노랗다 쪼그맣다 맑디맑다 싱그럽다 실하다 어렵다 아쉬우다 따시다 차다 가까우다 붉다 힘드다 오지다 거세다 낮다 파랗다 변함없다 희다 남다르다 좁다 잽싸다 손색없다 가파르다 뼈저리다 매끄럽다 까다롭다 새롭다 곧다 속상하다 아름답다 귀엽다 순하다 즐거다 뜻깊다 색다르다 차갑다 재미없다 정신없다 흔하다 습하다 값지다 무섭다 쩔다 눈부시다 걸맞다 미끄럽다 멋있다 두렵다 시끄럽다 촌스럽다 무겁다 문제없다 급하다 드넓다 재미나다 활기차다 외지다 엄청나다 씨다 험하다 벅차다 느리다 더럽다 징그럽다 짙다 그럴싸하다 묘하다 빠르다 귀하다 세차다 뿌옇다 커다랗다 아깝다 간드러지다 어둡다 따숩다 어려우다 심심찮다 덥다 밤늦다 빨갛다 야무지다 정겹다 흥겹다 어두우다 더우다 누리다 쓸데없다 이쁘다 싸다 목마르다 고되다 놀랍다 곱다 슬프다 구리다 도드라지다 가볍다 뻔하다 예뿌다 앙증맞다 쨍하다 젊다 힘겹다 시뻘겋다 드럽다 맑다 푸르다 비싸다 쎄다 연하다 밝다 빡세다 그립다 동그랗다 깊다 환하다 족하다 약하다 알맞다 멀다 까맣다 손쉽다 두껍다 수많다 낫다 뛰어나다 찹다 낡다 어이없다 멋지다
평화공원,0,고달프다 얄궂다 검붉다 틀림없다 알차다 흐드러지다 싫다 사이좋다 거침없다 사납다 인상깊다 낯설다 외롭다 하얗다 못지않다 만만찮다 벌겋다 따갑다 해맑다 쑥스럽다 지겨우다 드물다 버겁다 덩그러다 섭하다 바르다 드세다 드높다 가깝다 거칠다 감명깊다 힘차다 얕다 살갑다 부끄럽다 친하다 주옥같다 반갑다 춥다 미끄러우다 고우다 적다 안타깝다 보람차다 가엾다 고르다 격하다 조그맣다 재미있다 굳세다 서툴다 뜨겁다 후하다 우렁차다 즐겁다 우습다 어지럽다 비좁다 기쁘다 끊임없다 재빠르다 숱하다 빼어나다 지겹다 추우다 오래다 이롭다 수줍다 서글프다 낯익다 적잖다 노랗다 싱그럽다 실하다 밉다 부시다 어렵다 아쉬우다 따시다 차다 애처롭다 가까우다 붉다 힘드다 오지다 거세다 번거롭다 하찮다 변함없다 낮다 파랗다 희다 요상하다 좁다 잽싸다 손색없다 노오랗다 가파르다 새빨갛다 뼈저리다 줄기차다 매끄럽다 까다롭다 새롭다 곧다 속상하다 아름답다 귀엽다 순하다 즐거다 뜻깊다 감질나다 색다르다 차갑다 재미없다 정신없다 주의깊다 흔하다 습하다 무섭다 쩔다 눈부시다 뜻있다 찰지다 걸맞다 미끄럽다 멋있다 정답다 두렵다 빡쎄다 시끄럽다 촌스럽다 무겁다 문제없다 급하다 탁하다 멋들어지다 드넓다 재미나다 활기차다 엄청나다 파아랗다 씨다 험하다 벅차다 느리다 더럽다 징그럽다 짙다 좁디좁다 묘하다 빠르다 폭넓다 귀하다 세차다 뿌옇다 새하얗다 커다랗다 아깝다 옛스럽다 서럽다 어둡다 따숩다 숨차다 심심찮다 덥다 밤늦다 빨갛다 야물딱지다 야무지다 아름다우다 정겹다 올곧다 흥겹다 새까맣다 어두우다 더우다 쓸데없다 이쁘다 푸르르다 헛되다 싸다 예뻤다 귀여우다 놀랍다 곱다 슬프다 구리다 가볍다 뻔하다 예뿌다 앙증맞다 쨍하다 젊다 기똥차다 힘겹다 드럽다 맑다 푸르다 비싸다 빡시다 과하다 박하다 쎄다 연하다 슬푸다 단촐하다 밝다 보드랍다 빡세다 그립다 동그랗다 지리다 깊다 환하다 족하다 약하다 알맞다 멀다 까맣다 유례없다 손쉽다 짠하다 수많다 두껍다 낫다 뛰어나다 어설프다 찹다 낡다 어이없다 멋지다 무덥다
공수어촌체험마을,0,고달프다 얄궂다 검붉다 틀림없다 알차다 흐드러지다 싫다 사이좋다 거침없다 사납다 점잖다 인상깊다 두드러지다 낯설다 외롭다 하얗다 못지않다 벌겋다 따갑다 해맑다 쑥스럽다 지겨우다 드물다 버겁다 덩그러다 즐거웁다 달갑다 섭하다 시리다 바르다 드높다 짓궂다 가깝다 캄캄하다 거칠다 뜨거우다 힘차다 얕다 살갑다 부끄럽다 친하다 헐벗다 반갑다 청승맞다 춥다 훤하다 미끄러우다 적다 안타깝다 보람차다 가엾다 고르다 굳세다 조그맣다 재미있다 서툴다 뜨겁다 우렁차다 즐겁다 우습다 어지럽다 넓디넓다 비좁다 기쁘다 끊임없다 재빠르다 숱하다 빼어나다 지겹다 시퍼렇다 생뚱맞다 오래다 이롭다 수줍다 짙푸르다 서글프다 낯익다 적잖다 노랗다 맑디맑다 싱그럽다 보잘것없다 실하다 밉다 어렵다 아쉬우다 따시다 차다 가쁘다 구성지다 가까우다 붉다 힘드다 매섭다 오지다 거세다 번거롭다 하찮다 변함없다 낮다 파랗다 희다 값싸다 남다르다 좁다 잽싸다 손색없다 유별나다 가파르다 뼈저리다 줄기차다 매끄럽다 까다롭다 새롭다 곧다 아름답다 귀엽다 순하다 뜻깊다 색다르다 차갑다 재미없다 정신없다 흔하다 습하다 값지다 무섭다 뜻있다 눈부시다 걸맞다 멋있다 두렵다 시끄럽다 무겁다 문제없다 급하다 멋들어지다 드넓다 재미나다 활기차다 외지다 엄청나다 아낌없다 험하다 벅차다 느리다 더럽다 경이롭다 징그럽다 짙다 묘하다 빠르다 폭넓다 귀하다 세차다 뿌옇다 새하얗다 커다랗다 아깝다 옛스럽다 서럽다 높다랗다 어둡다 어려우다 심심찮다 덥다 밤늦다 빨갛다 야무지다 아름다우다 정겹다 올곧다 흥겹다 용하다 새까맣다 더우다 흉하다 누리다 쓸데없다 이쁘다 푸르르다 헛되다 싸다 고되다 냅다 귀여우다 후지다 놀랍다 곱다 너그럽다 슬프다 구리다 가볍다 뻔하다 예뿌다 앙증맞다 쨍하다 젊다 기똥차다 힘겹다 드럽다 맑다 푸르다 비싸다 과하다 박하다 쎄다 연하다 단촐하다 밝다 빡세다 그립다 동그랗다 깊다 환하다 메마르다 약하다 알맞다 멀다 까맣다 유례없다 손쉽다 짠하다 수많다 두껍다 낫다 억세다 어설프다 뛰어나다 찹다 낡다 멋지다 무덥다
대변마을,0,알차다 싫다 낯설다 뜨시다 외롭다 하얗다 못지않다 따갑다 섭하다 드세다 가깝다 힘차다 친하다 반갑다 춥다 훤하다 적다 고르다 재미있다 뜨겁다 즐겁다 지겹다 오래다 수줍다 힘드다 실하다 어렵다 붉다 낮다 하찮다 파랗다 좁다 새롭다 아름답다 귀엽다 뜻깊다 색다르다 정신없다 흔하다 멋있다 시끄럽다 무겁다 급하다 멋들어지다 드넓다 재미나다 활기차다 엄청나다 짙다 좁디좁다 묘하다 빠르다 어둡다 아깝다 희망차다 덥다 야무지다 어두우다 더우다 이쁘다 싸다 놀랍다 슬프다 구리다 가볍다 예뿌다 젊다 맑다 비싸다 밝다 그립다 동그랗다 깊다 환하다 멀다 수많다 낫다 낡다 어이없다 멋지다
영도 등대,0,검붉다 틀림없다 알차다 흐드러지다 싫다 사이좋다 거침없다 사납다 인상깊다 낯설다 외롭다 휑하다 하얗다 못지않다 달디달다 만만찮다 벌겋다 따갑다 해맑다 드물다 섭하다 시리다 드세다 바르다 짓궂다 가깝다 거칠다 감명깊다 뜨거우다 힘차다 얕다 살갑다 부끄럽다 주옥같다 반갑다 춥다 훤하다 적다 안타깝다 고르다 굳세다 조그맣다 재미있다 서툴다 뜨겁다 우렁차다 즐겁다 우습다 어지럽다 넓디넓다 비좁다 기쁘다 끊임없다 재빠르다 빼어나다 지겹다 추우다 뿌리깊다 오래다 이롭다 수줍다 서글프다 적잖다 노랗다 싱그럽다 실하다 밉다 부시다 어렵다 아쉬우다 차다 구성지다 가까우다 붉다 힘드다 매섭다 오지다 횡하다 거세다 번거롭다 하찮다 변함없다 낮다 파랗다 희다 남다르다 좁다 잽싸다 손색없다 역하다 가파르다 새빨갛다 뼈저리다 줄기차다 까다롭다 새롭다 곧다 속상하다 아름답다 귀엽다 순하다 즐거다 뜻깊다 색다르다 차갑다 재미없다 정신없다 흔하다 습하다 무섭다 쩔다 눈부시다 뜻있다 찰지다 걸맞다 미끄럽다 멋있다 정답다 두렵다 빡쎄다 시끄럽다 촌스럽다 무겁다 희뿌옇다 급하다 드넓다 재미나다 활기차다 외지다 엄청나다 파아랗다 험하다 벅차다 느리다 더럽다 경이롭다 징그럽다 짙다 묘하다 빠르다 폭넓다 귀하다 세차다 뿌옇다 숨차다 커다랗다 아깝다 간드러지다 옛스럽다 서럽다 어둡다 어려우다 따숩다 심심찮다 똑바르다 덥다 밤늦다 빨갛다 야무지다 아름다우다 정겹다 올곧다 흥겹다 새까맣다 더우다 누리다 쓸데없다 이쁘다 푸르르다 헛되다 싸다 예뻤다 익다 목마르다 고되다 냅다 귀여우다 놀랍다 곱다 슬프다 구리다 가볍다 예뿌다 앙증맞다 쨍하다 젊다 기똥차다 힘겹다 드럽다 맑다 푸르다 비싸다 빡시다 과하다 박하다 쎄다 연하다 슬푸다 단촐하다 밝다 빡세다 그립다 동그랗다 지리다 깊다 환하다 족하다 새파랗다 약하다 알맞다 멀다 까맣다 손쉽다 짠하다 수많다 두껍다 낫다 뛰어나다 어설프다 찹다 낡다 어이없다 멋지다 무덥다
영도대교,0,검붉다 틀림없다 알차다 싫다 사이좋다 사납다 인상깊다 낯설다 외롭다 휑하다 하얗다 못지않다 달디달다 따갑다 해맑다 쑥스럽다 지겨우다 드물다 덩그러다 달갑다 섭하다 시리다 드세다 바르다 가깝다 거칠다 감명깊다 뜨거우다 힘차다 얕다 친하다 부끄럽다 반갑다 청승맞다 춥다 적다 안타깝다 보람차다 고르다 격하다 조그맣다 재미있다 굳세다 서툴다 뜨겁다 즐겁다 우습다 어지럽다 비좁다 기쁘다 끊임없다 시렵다 지겹다 시퍼렇다 생뚱맞다 추우다 뿌리깊다 오래다 이롭다 짙푸르다 낯익다 노랗다 맑디맑다 실하다 부시다 어렵다 아쉬우다 차다 가까우다 가쁘다 붉다 힘드다 매섭다 오지다 번거롭다 하찮다 낮다 파랗다 희다 남다르다 좁다 잽싸다 손색없다 감쪽같다 가파르다 매끄럽다 까다롭다 새롭다 속상하다 아름답다 귀엽다 순하다 즐거다 뜻깊다 색다르다 차갑다 재미없다 정신없다 흔하다 습하다 무섭다 쩔다 눈부시다 뜻있다 걸맞다 미끄럽다 멋있다 시끄럽다 촌스럽다 무겁다 문제없다 급하다 드넓다 재미나다 활기차다 외지다 엄청나다 씨다 험하다 벅차다 느리다 더럽다 징그럽다 짙다 좁디좁다 그럴싸하다 묘하다 빠르다 폭넓다 세차다 뿌옇다 새하얗다 커다랗다 아깝다 간드러지다 어둡다 따숩다 숨차다 어려우다 심심찮다 똑바르다 덥다 빨갛다 야물딱지다 야무지다 아름다우다 정겹다 흥겹다 더우다 쓸데없다 이쁘다 푸르르다 싸다 예뻤다 귀여우다 놀랍다 곱다 슬프다 구리다 가볍다 뻔하다 예뿌다 앙증맞다 젊다 기똥차다 힘겹다 드럽다 맑다 푸르다 비싸다 빡시다 과하다 쎄다 연하다 슬푸다 단촐하다 밝다 보드랍다 빡세다 그립다 동그랗다 지리다 깊다 환하다 약하다 알맞다 멀다 까맣다 유례없다 손쉽다 짠하다 수많다 두껍다 낫다 뛰어나다 어설프다 찹다 낡다 어이없다 멋지다 무덥다
송정 죽도공원,0,검붉다 알차다 흐드러지다 싫다 낯설다 외롭다 휑하다 하얗다 못지않다 따갑다 드물다 덩그러다 섭하다 가깝다 거칠다 감명깊다 뜨거우다 힘차다 얕다 주옥같다 부끄럽다 반갑다 청승맞다 춥다 훤하다 적다 안타깝다 고르다 재미있다 뜨겁다 즐겁다 비좁다 재빠르다 빼어나다 지겹다 적잖다 노랗다 쪼그맣다 어렵다 아쉬우다 차다 구성지다 가까우다 붉다 오지다 거세다 낮다 남다르다 좁다 잽싸다 새롭다 아름답다 귀엽다 뜻깊다 색다르다 흔하다 차갑다 재미없다 정신없다 무섭다 쩔다 눈부시다 걸맞다 미끄럽다 멋있다 촌스럽다 무겁다 급하다 탁하다 드넓다 엄청나다 씨다 느리다 더럽다 경이롭다 징그럽다 짙다 묘하다 빠르다 세차다 커다랗다 아깝다 어둡다 어려우다 심심찮다 덥다 야무지다 정겹다 쓸데없다 이쁘다 싸다 놀랍다 곱다 슬프다 가볍다 예뿌다 젊다 드럽다 맑다 푸르다 비싸다 빡시다 마땅찮다 단촐하다 밝다 빡세다 그립다 깊다 환하다 약하다 수많다 알맞다 까맣다 멀다 손쉽다 두껍다 낫다 뛰어나다 찹다 낡다 어이없다 멋지다 후하다
문화공감 수정(부산 수정동 일본식 가옥),0,고달프다 얄궂다 검붉다 틀림없다 알차다 흐드러지다 싫다 사이좋다 거침없다 사납다 점잖다 인상깊다 두드러지다 낯설다 외롭다 휑하다 하얗다 못지않다 만만찮다 벌겋다 따갑다 해맑다 지겨우다 드물다 놀라우다 버겁다 덩그러다 달갑다 섭하다 시리다 드세다 드높다 바르다 짓궂다 가깝다 캄캄하다 거칠다 기막히다 힘차다 얕다 살갑다 부끄럽다 친하다 헐벗다 반갑다 청승맞다 즐거우다 춥다 훤하다 미끄러우다 적다 안타깝다 보람차다 가엾다 고르다 어여쁘다 조그맣다 재미있다 굳세다 서툴다 뜨겁다 후하다 우렁차다 즐겁다 우습다 어지럽다 비좁다 기쁘다 끊임없다 새카맣다 재빠르다 숱하다 빼어나다 지겹다 시퍼렇다 생뚱맞다 추우다 뿌리깊다 오래다 이롭다 수줍다 서글프다 낯익다 적잖다 노랗다 맑디맑다 싱그럽다 보잘것없다 실하다 밉다 부시다 어렵다 아쉬우다 따시다 차다 애처롭다 구성지다 가까우다 붉다 힘드다 오지다 모자라다 거세다 낮다 하찮다 변함없다 파랗다 희다 값싸다 남다르다 좁다 여리다 손색없다 잽싸다 감쪽같다 노오랗다 유별나다 가파르다 새빨갛다 뼈저리다 줄기차다 매끄럽다 까다롭다 새롭다 고풍스럽다 속상하다 곧다 아름답다 귀엽다 순하다 즐거다 뜻깊다 감질나다 색다르다 차갑다 볼품없다 재미없다 정신없다 주의깊다 흔하다 습하다 값지다 무섭다 쩔다 눈부시다 뜻있다 찰지다 걸맞다 미끄럽다 멋있다 정답다 두렵다 빡쎄다 시끄럽다 촌스럽다 무겁다 희뿌옇다 문제없다 급하다 탁하다 멋들어지다 드넓다 재미나다 활기차다 외지다 엄청나다 아낌없다 씨다 험하다 벅차다 비탈지다 느리다 더럽다 경이롭다 징그럽다 좁디좁다 짙다 그럴싸하다 묘하다 빠르다 폭넓다 귀하다 세차다 뿌옇다 새하얗다 커다랗다 아깝다 옛스럽다 서럽다 높다랗다 어둡다 어려우다 따숩다 심심찮다 희망차다 덥다 밤늦다 빨갛다 야물딱지다 야무지다 아름다우다 숨차다 정겹다 올곧다 흥겹다 용하다 새까맣다 어두우다 더우다 흉하다 누리다 쓸데없다 이쁘다 푸르르다 더러우다 헛되다 싸다 고되다 냅다 귀여우다 특출나다 놀랍다 곱다 너그럽다 샛노랗다 후지다 슬프다 구리다 가볍다 뻔하다 예뿌다 앙증맞다 쨍하다 젊다 성스럽다 기똥차다 힘겹다 시뻘겋다 드럽다 맑다 푸르다 비싸다 빡시다 찡하다 과하다 눈물겹다 쎄다 박하다 참하다 마땅찮다 연하다 슬푸다 단촐하다 밝다 보드랍다 빡세다 그립다 우중충하다 동그랗다 깊다 환하다 족하다 메마르다 새파랗다 약하다 알맞다 멀다 까맣다 유례없다 손쉽다 짠하다 수많다 두껍다 낫다 억세다 어설프다 높디높다 뛰어나다 찹다 낡다 멋없다 어이없다 멋지다 무덥다
해월정,0,알차다 흐드러지다 싫다 사이좋다 거침없다 하얗다 못지않다 버겁다 덩그러다 드세다 가깝다 거칠다 얕다 부끄럽다 과하다 반갑다 청승맞다 춥다 적다 안타깝다 고르다 조그맣다 재미있다 즐겁다 끊임없다 지겹다 오래다 쪼그맣다 어렵다 아쉬우다 따시다 차다 붉다 힘드다 거세다 낮다 하찮다 파랗다 희다 남다르다 좁다 손색없다 가파르다 까다롭다 새롭다 아름답다 귀엽다 감질나다 색다르다 흔하다 차갑다 정신없다 값지다 무섭다 걸맞다 멋있다 두렵다 촌스럽다 급하다 드넓다 활기차다 엄청나다 험하다 느리다 경이롭다 짙다 빠르다 세차다 커다랗다 아깝다 어둡다 심심찮다 덥다 야무지다 아름다우다 흥겹다 더우다 쓸데없다 이쁘다 싸다 곱다 가볍다 뻔하다 예뿌다 앙증맞다 쨍하다 젊다 시뻘겋다 맑다 푸르다 비싸다 쎄다 마땅찮다 밝다 빡세다 그립다 동그랗다 깊다 환하다 약하다 수많다 알맞다 멀다 두껍다 낫다 뛰어나다 찹다 멋지다
전포카페거리,0,틀림없다 알차다 싫다 사납다 인상깊다 두드러지다 낯설다 뜨시다 외롭다 휑하다 하얗다 못지않다 따갑다 해맑다 쑥스럽다 지겨우다 드물다 덩그러다 달갑다 섭하다 시리다 드세다 가깝다 기막히다 거칠다 감명깊다 뜨거우다 힘차다 얕다 부끄럽다 반갑다 춥다 적다 안타깝다 고르다 조그맣다 재미있다 서툴다 뜨겁다 즐겁다 어지럽다 그리우다 비좁다 기쁘다 재빠르다 시렵다 지겹다 생뚱맞다 추우다 오래다 이롭다 낯익다 노랗다 실하다 밉다 어렵다 아쉬우다 따시다 차다 가까우다 붉다 힘드다 매섭다 오지다 거세다 낮다 하찮다 파랗다 희다 요상하다 남다르다 좁다 잽싸다 손색없다 가파르다 뼈저리다 까다롭다 새롭다 속상하다 아름답다 귀엽다 뜻깊다 색다르다 차갑다 정신없다 흔하다 습하다 무섭다 쩔다 눈부시다 걸맞다 멋있다 두렵다 시끄럽다 무겁다 급하다 드넓다 재미나다 활기차다 엄청나다 아낌없다 험하다 느리다 더럽다 경이롭다 징그럽다 짙다 묘하다 빠르다 귀하다 세차다 커다랗다 아깝다 간드러지다 어둡다 따숩다 어려우다 덥다 밤늦다 빨갛다 야무지다 정겹다 더우다 쓸데없다 이쁘다 싸다 예뻤다 귀여우다 놀랍다 곱다 슬프다 구리다 가볍다 예뿌다 앙증맞다 쨍하다 젊다 힘겹다 드럽다 맑다 푸르다 비싸다 빡시다 과하다 쎄다 연하다 단촐하다 밝다 빡세다 그립다 우중충하다 동그랗다 지리다 깊다 환하다 약하다 알맞다 멀다 까맣다 유례없다 손쉽다 짠하다 수많다 두껍다 낫다 뛰어나다 어설프다 찹다 낡다 멋없다 어이없다 멋지다 무덥다
임랑해수욕장,0,알차다 싫다 낯설다 하얗다 못지않다 따갑다 해맑다 드물다 섭하다 바르다 가깝다 거칠다 얕다 부끄럽다 반갑다 춥다 적다 안타깝다 고르다 재미있다 서툴다 뜨겁다 즐겁다 비좁다 기쁘다 빼어나다 지겹다 오래다 낯익다 노랗다 실하다 어렵다 아쉬우다 따시다 차다 가까우다 붉다 힘드다 오지다 번거롭다 낮다 파랗다 희다 남다르다 좁다 가파르다 새롭다 아름답다 귀엽다 순하다 즐거다 뜻깊다 감질나다 색다르다 차갑다 재미없다 정신없다 흔하다 습하다 무섭다 쩔다 걸맞다 멋있다 두렵다 무겁다 급하다 드넓다 재미나다 엄청나다 더럽다 징그럽다 짙다 묘하다 빠르다 귀하다 세차다 커다랗다 아깝다 어둡다 따숩다 어려우다 심심찮다 덥다 빨갛다 야무지다 정겹다 더우다 쓸데없다 이쁘다 싸다 익다 귀여우다 놀랍다 곱다 가볍다 예뿌다 쨍하다 젊다 힘겹다 맑다 푸르다 비싸다 빡시다 과하다 박하다 쎄다 슬푸다 단촐하다 밝다 빡세다 그립다 지리다 깊다 알맞다 멀다 까맣다 두껍다 수많다 낫다 뛰어나다 멋지다
신선대(부산),0,틀림없다 알차다 싫다 점잖다 인상깊다 낯설다 하얗다 못지않다 드물다 덩그러다 시리다 드세다 가깝다 거칠다 힘차다 살갑다 즐거우다 반갑다 춥다 훤하다 적다 안타깝다 재미있다 서툴다 뜨겁다 즐겁다 우습다 어지럽다 재빠르다 추우다 오래다 노랗다 어렵다 붉다 힘드다 번거롭다 낮다 변함없다 희다 값싸다 남다르다 좁다 손색없다 가파르다 새롭다 아름답다 귀엽다 뜻깊다 색다르다 차갑다 재미없다 정신없다 습하다 무섭다 쩔다 눈부시다 뜻있다 걸맞다 멋있다 두렵다 시끄럽다 무겁다 급하다 드넓다 재미나다 엄청나다 험하다 느리다 경이롭다 징그럽다 짙다 묘하다 빠르다 귀하다 세차다 뿌옇다 커다랗다 아깝다 간드러지다 어둡다 덥다 밤늦다 빨갛다 야무지다 아름다우다 이쁘다 싸다 예뻤다 목마르다 놀랍다 곱다 가볍다 젊다 힘겹다 맑다 푸르다 비싸다 쎄다 단촐하다 밝다 동그랗다 깊다 환하다 빡세다 약하다 수많다 알맞다 까맣다 멀다 손쉽다 두껍다 낫다 뛰어나다 낡다 어이없다 멋지다
오륙도 스카이워크,0,검붉다 틀림없다 알차다 흐드러지다 싫다 사이좋다 꿈같다 인상깊다 낯설다 외롭다 하얗다 못지않다 만만찮다 벌겋다 따갑다 해맑다 쑥스럽다 지겨우다 드물다 버겁다 섭하다 시리다 드세다 가깝다 거칠다 감명깊다 뜨거우다 힘차다 얕다 살갑다 부끄럽다 즐거우다 반갑다 춥다 훤하다 적다 안타깝다 가엾다 고르다 조그맣다 재미있다 뜨겁다 후하다 우렁차다 즐겁다 우습다 어지럽다 넓디넓다 비좁다 기쁘다 끊임없다 재빠르다 빼어나다 지겹다 생뚱맞다 추우다 오래다 수줍다 노랗다 싱그럽다 실하다 밉다 부시다 어렵다 아쉬우다 따시다 차다 가쁘다 가까우다 붉다 힘드다 매섭다 오지다 거세다 번거롭다 하찮다 변함없다 낮다 파랗다 희다 값싸다 요상하다 좁다 잽싸다 손색없다 남다르다 역하다 노오랗다 가파르다 까다롭다 새롭다 곧다 속상하다 아름답다 귀엽다 순하다 뜻깊다 색다르다 차갑다 재미없다 정신없다 주의깊다 흔하다 습하다 값지다 무섭다 쩔다 눈부시다 찰지다 걸맞다 멋있다 두렵다 빡쎄다 시끄럽다 촌스럽다 무겁다 희뿌옇다 문제없다 급하다 드넓다 재미나다 활기차다 엄청나다 험하다 벅차다 느리다 더럽다 경이롭다 징그럽다 짙다 묘하다 빠르다 폭넓다 귀하다 세차다 뿌옇다 숨차다 커다랗다 아깝다 어둡다 따숩다 어려우다 덥다 밤늦다 빨갛다 야무지다 아름다우다 정겹다 흥겹다 더우다 쓸데없다 이쁘다 푸르르다 싸다 예뻤다 고되다 냅다 귀여우다 놀랍다 곱다 샛노랗다 슬프다 구리다 가볍다 뻔하다 예뿌다 앙증맞다 쨍하다 젊다 기똥차다 힘겹다 드럽다 맑다 푸르다 비싸다 빡시다 과하다 쎄다 연하다 단촐하다 밝다 보드랍다 빡세다 그립다 동그랗다 지리다 깊다 환하다 족하다 새파랗다 약하다 알맞다 멀다 손쉽다 짠하다 수많다 두껍다 낫다 억세다 뛰어나다 높디높다 찹다 낡다 멋없다 어이없다 멋지다 무덥다
당산,0,알차다 싫다 사이좋다 인상깊다 낯설다 외롭다 하얗다 못지않다 만만찮다 따갑다 해맑다 지겨우다 드물다 바르다 가깝다 감명깊다 주옥같다 얕다 살갑다 친하다 부끄럽다 과하다 반갑다 춥다 적다 안타깝다 고르다 격하다 조그맣다 재미있다 서툴다 뜨겁다 즐겁다 기쁘다 재빠르다 지겹다 이롭다 수줍다 싱그럽다 실하다 밉다 어렵다 아쉬우다 차다 붉다 힘드다 오지다 거세다 낮다 파랗다 희다 남다르다 좁다 잽싸다 손색없다 가파르다 새롭다 곧다 속상하다 아름답다 귀엽다 퍼렇다 순하다 색다르다 차갑다 재미없다 정신없다 습하다 무섭다 쩔다 걸맞다 멋있다 정답다 두렵다 시끄럽다 촌스럽다 무겁다 문제없다 급하다 엄청나다 험하다 벅차다 느리다 징그럽다 묘하다 빠르다 세차다 아깝다 서럽다 따숩다 덥다 밤늦다 빨갛다 야무지다 정겹다 어두우다 쓸데없다 이쁘다 싸다 예뻤다 귀여우다 특출나다 놀랍다 곱다 너그럽다 슬프다 구리다 가볍다 뻔하다 예뿌다 앙증맞다 젊다 힘겹다 드럽다 맑다 푸르다 비싸다 쎄다 밝다 빡세다 그립다 동그랗다 지리다 깊다 족하다 약하다 수많다 알맞다 멀다 짠하다 두껍다 낫다 낡다 어이없다 멋지다 무덥다
용두산 자갈치 관광특구,0,알차다 싫다 사이좋다 낯설다 하얗다 못지않다 만만찮다 벌겋다 드물다 덩그러다 가깝다 기막히다 거칠다 뜨거우다 힘차다 얕다 친하다 부끄럽다 반갑다 춥다 적다 안타깝다 고르다 굳세다 조그맣다 재미있다 뜨겁다 즐겁다 비좁다 기쁘다 끊임없다 빼어나다 오래다 수줍다 노랗다 어렵다 가까우다 가쁘다 붉다 힘드다 매섭다 낮다 파랗다 희다 값싸다 남다르다 좁다 가파르다 여유있다 새롭다 아름답다 귀엽다 뜻깊다 색다르다 흔하다 차갑다 재미없다 정신없다 주의깊다 습하다 무섭다 쩔다 눈부시다 찰지다 걸맞다 멋있다 시끄럽다 무겁다 급하다 멋들어지다 드넓다 활기차다 엄청나다 씨다 벅차다 느리다 더럽다 짙다 빠르다 폭넓다 귀하다 뿌옇다 어둡다 아깝다 옛스럽다 따숩다 어려우다 덥다 야무지다 아름다우다 정겹다 흥겹다 용하다 더우다 이쁘다 싸다 놀랍다 곱다 슬프다 가볍다 뻔하다 앙증맞다 젊다 기똥차다 힘겹다 맑다 푸르다 비싸다 과하다 쎄다 밝다 빡세다 그립다 동그랗다 깊다 환하다 약하다 수많다 알맞다 까맣다 멀다 손쉽다 두껍다 낫다 뛰어나다 찹다 낡다 어이없다 멋지다 무덥다
삼진어묵체험·역사관,0,알차다 싫다 사이좋다 인상깊다 낯설다 휑하다 하얗다 못지않다 해맑다 짓궂다 가깝다 거칠다 얕다 부끄럽다 반갑다 춥다 적다 안타깝다 고르다 격하다 재미있다 뜨겁다 즐겁다 어지럽다 비좁다 기쁘다 숱하다 노랗다 싱그럽다 부시다 어렵다 아쉬우다 차다 가까우다 가쁘다 붉다 힘드다 오지다 낮다 파랗다 값싸다 남다르다 좁다 손색없다 가파르다 매끄럽다 새롭다 아름답다 귀엽다 뜻깊다 감질나다 색다르다 차갑다 정신없다 습하다 무섭다 쩔다 걸맞다 미끄럽다 멋있다 정답다 시끄럽다 촌스럽다 무겁다 문제없다 급하다 드넓다 재미나다 엄청나다 느리다 경이롭다 징그럽다 짙다 그럴싸하다 묘하다 빠르다 귀하다 세차다 뿌옇다 커다랗다 아깝다 어둡다 따숩다 어려우다 덥다 밤늦다 빨갛다 야물딱지다 야무지다 정겹다 새까맣다 어두우다 더우다 누리다 쓸데없다 이쁘다 싸다 예뻤다 귀여우다 냅다 놀랍다 곱다 슬프다 가볍다 예뿌다 젊다 힘겹다 시뻘겋다 드럽다 맑다 비싸다 남부럽다 쎄다 단촐하다 밝다 보드랍다 빡세다 그립다 동그랗다 지리다 깊다 환하다 새파랗다 수많다 알맞다 멀다 손쉽다 낫다 찹다 높디높다 낡다 어이없다 멋지다
대저생태공원,0,틀림없다 알차다 흐드러지다 싫다 인상깊다 두드러지다 낯설다 휑하다 하얗다 못지않다 영하다 만만찮다 벌겋다 따갑다 해맑다 지겨우다 드물다 덩그러다 섭하다 시리다 드세다 드높다 바르다 가깝다 힘차다 얕다 부끄럽다 반갑다 춥다 훤하다 적다 안타깝다 고르다 어여쁘다 조그맣다 재미있다 서툴다 뜨겁다 우렁차다 즐겁다 넓디넓다 기쁘다 지겹다 오래다 수줍다 서글프다 노랗다 쪼그맣다 싱그럽다 실하다 부시다 어렵다 아쉬우다 차다 가까우다 붉다 힘드다 매섭다 오지다 거세다 번거롭다 하찮다 낮다 파랗다 희다 좁다 잽싸다 손색없다 노오랗다 유별나다 가파르다 새롭다 곧다 속상하다 아름답다 귀엽다 즐거다 뜻깊다 색다르다 차갑다 볼품없다 재미없다 정신없다 흔하다 습하다 무섭다 쩔다 눈부시다 걸맞다 멋있다 시끄럽다 촌스럽다 무겁다 문제없다 급하다 드넓다 재미나다 엄청나다 파아랗다 험하다 느리다 더럽다 경이롭다 징그럽다 짙다 그럴싸하다 묘하다 빠르다 귀하다 세차다 따사롭다 뿌옇다 커다랗다 아깝다 어둡다 따숩다 어려우다 덥다 밤늦다 빨갛다 야무지다 정겹다 더우다 이쁘다 더러우다 싸다 예뻤다 목마르다 귀여우다 놀랍다 곱다 샛노랗다 슬프다 구리다 가볍다 예뿌다 앙증맞다 쨍하다 젊다 힘겹다 맑다 푸르다 비싸다 찡하다 과하다 박하다 쎄다 마땅찮다 연하다 밝다 빡세다 그립다 동그랗다 깊다 환하다 약하다 알맞다 멀다 까맣다 손쉽다 두껍다 수많다 억세다 낫다 뛰어나다 찹다 어이없다 멋지다
봉래산(부산),0,틀림없다 알차다 싫다 거침없다 사납다 인상깊다 낯설다 외롭다 하얗다 못지않다 따갑다 지겨우다 드물다 버겁다 시리다 가깝다 거칠다 뜨거우다 힘차다 얕다 즐거우다 반갑다 청승맞다 춥다 적다 안타깝다 고르다 격하다 조그맣다 재미있다 굳세다 뜨겁다 후하다 즐겁다 우습다 어지럽다 비좁다 기쁘다 재빠르다 빼어나다 생뚱맞다 오래다 이롭다 수줍다 노랗다 싱그럽다 실하다 밉다 부시다 어렵다 아쉬우다 차다 가까우다 붉다 힘드다 매섭다 거세다 낮다 파랗다 변함없다 희다 남다르다 좁다 잽싸다 손색없다 유별나다 가파르다 줄기차다 새롭다 곧다 아름답다 귀엽다 순하다 즐거다 뜻깊다 색다르다 흔하다 차갑다 재미없다 정신없다 주의깊다 습하다 무섭다 쩔다 눈부시다 걸맞다 멋있다 정답다 시끄럽다 촌스럽다 무겁다 급하다 멋들어지다 드넓다 재미나다 활기차다 엄청나다 험하다 느리다 더럽다 경이롭다 짙다 묘하다 빠르다 폭넓다 귀하다 세차다 뿌옇다 커다랗다 아깝다 어둡다 어려우다 똑바르다 덥다 빨갛다 야무지다 아름다우다 정겹다 새까맣다 더우다 흉하다 쓸데없다 이쁘다 싸다 예뻤다 귀여우다 놀랍다 곱다 슬프다 가볍다 예뿌다 앙증맞다 쨍하다 젊다 맑다 푸르다 비싸다 빡시다 찡하다 과하다 쎄다 마땅찮다 밝다 빡세다 그립다 동그랗다 깊다 환하다 약하다 수많다 알맞다 까맣다 멀다 손쉽다 두껍다 낫다 뛰어나다 어설프다 찹다 낡다 어이없다 멋지다 무덥다
부산영화체험박물관,0,틀림없다 알차다 싫다 점잖다 인상깊다 낯설다 외롭다 휑하다 하얗다 못지않다 한결같다 따갑다 해맑다 쑥스럽다 지겨우다 드물다 놀라우다 섭하다 끄떡없다 바르다 드높다 가깝다 기막히다 거칠다 감명깊다 힘차다 얕다 친하다 부끄럽다 즐거우다 반갑다 춥다 미끄러우다 적다 안타깝다 고르다 격하다 조그맣다 재미있다 굳세다 서툴다 뜨겁다 후하다 즐겁다 우습다 어지럽다 비좁다 기쁘다 재빠르다 숱하다 시렵다 지겹다 생뚱맞다 추우다 오래다 이롭다 수줍다 서글프다 낯익다 노랗다 싱그럽다 실하다 밉다 부시다 어렵다 아쉬우다 따시다 차다 가쁘다 가까우다 붉다 힘드다 매섭다 거세다 번거롭다 하찮다 변함없다 낮다 파랗다 희다 남다르다 좁다 잽싸다 손색없다 역하다 유별나다 가파르다 여유있다 뼈저리다 까다롭다 새롭다 특별나다 아름답다 귀엽다 순하다 즐거다 뜻깊다 색다르다 차갑다 볼품없다 재미없다 정신없다 주의깊다 흔하다 습하다 무섭다 쩔다 눈부시다 뜻있다 찰지다 걸맞다 미끄럽다 멋있다 정답다 두렵다 시끄럽다 촌스럽다 무겁다 급하다 드넓다 재미나다 활기차다 외지다 엄청나다 험하다 벅차다 느리다 더럽다 경이롭다 징그럽다 좁디좁다 짙다 그럴싸하다 묘하다 빠르다 귀하다 세차다 뿌옇다 새하얗다 커다랗다 아깝다 간드러지다 옛스럽다 서럽다 어둡다 어려우다 따숩다 심심찮다 똑바르다 덥다 밤늦다 빨갛다 야무지다 아름다우다 정겹다 새까맣다 어두우다 더우다 누리다 쓸데없다 이쁘다 푸르르다 싸다 예뻤다 고되다 귀여우다 특출나다 놀랍다 곱다 슬프다 구리다 가볍다 뻔하다 예뿌다 앙증맞다 쨍하다 젊다 성스럽다 기똥차다 힘겹다 시뻘겋다 드럽다 맑다 푸르다 비싸다 빡시다 찡하다 과하다 쎄다 마땅찮다 슬푸다 단촐하다 밝다 보드랍다 빡세다 그립다 동그랗다 지리다 깊다 환하다 약하다 알맞다 멀다 까맣다 손쉽다 짠하다 수많다 두껍다 낫다 뛰어나다 어설프다 낡다 어이없다 멋지다 무덥다
만들숲,0,틀림없다 알차다 싫다 인상깊다 낯설다 외롭다 휑하다 하얗다 못지않다 해맑다 드물다 버겁다 섭하다 가깝다 힘차다 얕다 친하다 반갑다 춥다 미끄러우다 적다 안타깝다 고르다 격하다 재미있다 뜨겁다 즐겁다 우습다 기쁘다 생뚱맞다 추우다 오래다 수줍다 낯익다 적잖다 노랗다 어렵다 아쉬우다 차다 가까우다 붉다 거세다 낮다 파랗다 변함없다 희다 좁다 잽싸다 매끄럽다 새롭다 속상하다 아름답다 귀엽다 뜻깊다 색다르다 흔하다 차갑다 재미없다 정신없다 습하다 무섭다 쩔다 걸맞다 멋있다 정답다 두렵다 시끄럽다 촌스럽다 무겁다 급하다 엄청나다 느리다 더럽다 징그럽다 짙다 묘하다 빠르다 귀하다 새하얗다 커다랗다 아깝다 어둡다 따숩다 어려우다 덥다 야무지다 아름다우다 쓸데없다 이쁘다 싸다 고되다 귀여우다 놀랍다 곱다 슬프다 구리다 가볍다 예뿌다 앙증맞다 쨍하다 젊다 드럽다 맑다 푸르다 비싸다 과하다 연하다 밝다 빡세다 그립다 동그랗다 깊다 약하다 수많다 알맞다 멀다 손쉽다 두껍다 낫다 뛰어나다 찹다 낡다 어이없다 멋지다
청사포 다릿돌전망대,0,얄궂다 틀림없다 알차다 흐드러지다 싫다 사이좋다 사납다 인상깊다 낯설다 외롭다 휑하다 하얗다 못지않다 만만찮다 따갑다 해맑다 지겨우다 드물다 덩그러다 즐거웁다 달갑다 섭하다 시리다 드세다 드높다 바르다 가깝다 기막히다 거칠다 감명깊다 힘차다 얕다 주옥같다 부끄럽다 반갑다 춥다 훤하다 미끄러우다 적다 안타깝다 고르다 격하다 조그맣다 재미있다 뜨겁다 즐겁다 우습다 어지럽다 비좁다 기쁘다 재빠르다 숱하다 빼어나다 지겹다 생뚱맞다 추우다 오래다 노랗다 쪼그맣다 맑디맑다 실하다 밉다 어렵다 아쉬우다 차다 가까우다 애처롭다 붉다 힘드다 매섭다 오지다 거세다 번거롭다 낮다 변함없다 파랗다 희다 남다르다 좁다 잽싸다 손색없다 가파르다 새빨갛다 새롭다 속상하다 아름답다 귀엽다 순하다 뜻깊다 색다르다 차갑다 볼품없다 재미없다 정신없다 흔하다 습하다 무섭다 쩔다 눈부시다 걸맞다 미끄럽다 멋있다 시끄럽다 촌스럽다 무겁다 문제없다 급하다 멋들어지다 드넓다 재미나다 활기차다 엄청나다 아낌없다 벅차다 느리다 더럽다 징그럽다 짙다 묘하다 빠르다 폭넓다 귀하다 뿌옇다 커다랗다 아깝다 어둡다 서럽다 따숩다 어려우다 심심찮다 널럴하다 덥다 밤늦다 빨갛다 야무지다 아름다우다 정겹다 흥겹다 더우다 쓸데없다 이쁘다 푸르르다 더러우다 싸다 예뻤다 고되다 냅다 귀여우다 특출나다 놀랍다 곱다 슬프다 구리다 가볍다 뻔하다 예뿌다 앙증맞다 쨍하다 젊다 힘겹다 드럽다 맑다 푸르다 비싸다 빡시다 과하다 박하다 쎄다 연하다 보드랍다 밝다 빡세다 그립다 동그랗다 깊다 환하다 족하다 약하다 알맞다 멀다 까맣다 짠하다 수많다 두껍다 낫다 뛰어나다 어설프다 찹다 낡다 어이없다 멋지다 후하다
산복도로,0,검붉다 틀림없다 알차다 흐드러지다 싫다 거침없다 점잖다 인상깊다 두드러지다 낯설다 외롭다 휑하다 하얗다 못지않다 만만찮다 벌겋다 따갑다 해맑다 드물다 덩그러다 달갑다 섭하다 시리다 드세다 드높다 가깝다 기막히다 거칠다 뜨거우다 힘차다 얕다 살갑다 부끄럽다 친하다 즐거우다 반갑다 청승맞다 춥다 훤하다 적다 안타깝다 보람차다 고르다 격하다 조그맣다 재미있다 굳세다 서툴다 뜨겁다 후하다 우렁차다 즐겁다 우습다 어지럽다 넓디넓다 비좁다 기쁘다 새카맣다 재빠르다 숱하다 빼어나다 지겹다 시퍼렇다 생뚱맞다 추우다 오래다 이롭다 수줍다 짙푸르다 서글프다 낯익다 적잖다 노랗다 싱그럽다 실하다 밉다 어렵다 아쉬우다 따시다 차다 가쁘다 애처롭다 구성지다 붉다 힘드다 가까우다 매섭다 오지다 거세다 낮다 하찮다 변함없다 파랗다 희다 남다르다 좁다 잽싸다 손색없다 유별나다 가파르다 뼈저리다 매끄럽다 까다롭다 새롭다 곧다 아름답다 귀엽다 뜻깊다 색다르다 차갑다 볼품없다 재미없다 정신없다 주의깊다 흔하다 습하다 무섭다 뜻있다 눈부시다 찰지다 걸맞다 미끄럽다 멋있다 정답다 두렵다 빡쎄다 시끄럽다 촌스럽다 무겁다 문제없다 급하다 탁하다 멋들어지다 드넓다 재미나다 활기차다 엄청나다 아낌없다 씨다 험하다 벅차다 비탈지다 느리다 더럽다 경이롭다 징그럽다 좁디좁다 짙다 묘하다 빠르다 폭넓다 귀하다 세차다 따사롭다 뿌옇다 커다랗다 아깝다 옛스럽다 높다랗다 어둡다 따숩다 어려우다 심심찮다 덥다 밤늦다 빨갛다 숨차다 야무지다 아름다우다 정겹다 올곧다 용하다 더우다 쓸데없다 이쁘다 푸르르다 싸다 예뻤다 고되다 귀여우다 놀랍다 곱다 슬프다 구리다 가볍다 뻔하다 예뿌다 앙증맞다 젊다 성스럽다 기똥차다 힘겹다 맑다 푸르다 비싸다 빡시다 남부럽다 찡하다 과하다 쎄다 연하다 단촐하다 밝다 빡세다 그립다 동그랗다 깊다 환하다 족하다 메마르다 약하다 알맞다 멀다 까맣다 손쉽다 짠하다 수많다 두껍다 낫다 억세다 어설프다 뛰어나다 낡다 어이없다 멋지다 무덥다
부산시민공원,0,틀림없다 알차다 흐드러지다 싫다 사이좋다 인상깊다 낯설다 외롭다 휑하다 하얗다 못지않다 따갑다 해맑다 지겨우다 드물다 덩그러다 즐거웁다 섭하다 끄떡없다 바르다 드세다 가깝다 기막히다 거칠다 감명깊다 뜨거우다 힘차다 얕다 주옥같다 부끄럽다 반갑다 춥다 훤하다 고우다 적다 안타깝다 보람차다 고르다 조그맣다 재미있다 뜨겁다 즐겁다 우습다 어지럽다 기쁘다 끊임없다 재빠르다 시렵다 지겹다 추우다 오래다 이롭다 수줍다 낯익다 적잖다 노랗다 싱그럽다 실하다 어렵다 아쉬우다 따시다 차다 애처롭다 가까우다 어두다 붉다 힘드다 거세다 번거롭다 하찮다 변함없다 낮다 파랗다 희다 요상하다 좁다 잽싸다 손색없다 가파르다 새빨갛다 매끄럽다 새롭다 곧다 아름답다 귀엽다 퍼렇다 순하다 뜻깊다 색다르다 차갑다 재미없다 정신없다 주의깊다 흔하다 습하다 무섭다 쩔다 눈부시다 걸맞다 멋있다 정답다 두렵다 시끄럽다 무겁다 급하다 드넓다 재미나다 활기차다 외지다 엄청나다 아낌없다 벅차다 느리다 더럽다 징그럽다 짙다 묘하다 빠르다 폭넓다 귀하다 세차다 어둡다 아깝다 서럽다 따숩다 어려우다 심심찮다 희망차다 덥다 빨갛다 야무지다 아름다우다 정겹다 더우다 이쁘다 더러우다 싸다 예뻤다 고되다 귀여우다 특출나다 놀랍다 곱다 슬프다 구리다 가볍다 예뿌다 앙증맞다 젊다 기똥차다 맑다 푸르다 비싸다 빡시다 남부럽다 찡하다 과하다 쎄다 연하다 보드랍다 밝다 그립다 동그랗다 깊다 환하다 약하다 알맞다 멀다 까맣다 손쉽다 짠하다 수많다 두껍다 낫다 억세다 뛰어나다 찹다 낡다 어이없다 멋지다 무덥다
KT&G 상상마당 부산,0,검붉다 틀림없다 알차다 싫다 거침없다 점잖다 인상깊다 낯설다 외롭다 하얗다 못지않다 따갑다 해맑다 덩그러다 달갑다 시리다 바르다 드높다 가깝다 뜨거우다 얕다 부끄럽다 반갑다 춥다 적다 안타깝다 고르다 조그맣다 재미있다 뜨겁다 우렁차다 즐겁다 어지럽다 기쁘다 끊임없다 재빠르다 추우다 오래다 낯익다 적잖다 노랗다 싱그럽다 밉다 어렵다 아쉬우다 따시다 가까우다 붉다 힘드다 오지다 번거롭다 낮다 변함없다 파랗다 좁다 잽싸다 손색없다 감쪽같다 가파르다 쿨하다 까다롭다 새롭다 속상하다 아름답다 귀엽다 순하다 즐거다 뜻깊다 색다르다 차갑다 재미없다 정신없다 흔하다 습하다 무섭다 쩔다 미끄럽다 멋있다 두렵다 시끄럽다 무겁다 급하다 드넓다 재미나다 활기차다 엄청나다 씨다 험하다 느리다 더럽다 짙다 그럴싸하다 묘하다 빠르다 폭넓다 귀하다 어둡다 아깝다 어려우다 덥다 빨갛다 야물딱지다 야무지다 정겹다 올곧다 새까맣다 더우다 누리다 쓸데없다 이쁘다 싸다 고되다 냅다 귀여우다 놀랍다 곱다 슬프다 구리다 가볍다 예뿌다 앙증맞다 쨍하다 젊다 힘겹다 드럽다 맑다 푸르다 비싸다 나긋나긋하다 과하다 쎄다 연하다 밝다 빡세다 우중충하다 동그랗다 깊다 환하다 약하다 멀다 까맣다 손쉽다 짠하다 수많다 두껍다 낫다 억세다 찹다 낡다 어이없다 멋지다 후하다
송도용궁구름다리,0,얄궂다 틀림없다 알차다 싫다 사이좋다 거침없다 사납다 인상깊다 낯설다 외롭다 하얗다 못지않다 만만찮다 따갑다 해맑다 지겨우다 드물다 덩그러다 섭하다 시리다 짓궂다 가깝다 기막히다 거칠다 감명깊다 뜨거우다 힘차다 얕다 살갑다 부끄럽다 친하다 즐거우다 반갑다 춥다 훤하다 고우다 적다 안타깝다 보람차다 가엾다 고르다 어여쁘다 조그맣다 재미있다 서툴다 뜨겁다 우렁차다 즐겁다 우습다 어지럽다 비좁다 기쁘다 끊임없다 재빠르다 시렵다 빼어나다 지겹다 시퍼렇다 추우다 오래다 수줍다 서글프다 낯익다 노랗다 싱그럽다 실하다 밉다 부시다 어렵다 아쉬우다 차다 가까우다 가쁘다 애처롭다 붉다 힘드다 오지다 거세다 낮다 하찮다 파랗다 희다 남다르다 좁다 잽싸다 손색없다 감쪽같다 가파르다 까다롭다 새롭다 속상하다 아름답다 귀엽다 순하다 뜻깊다 색다르다 차갑다 볼품없다 재미없다 정신없다 흔하다 습하다 무섭다 쩔다 눈부시다 걸맞다 미끄럽다 멋있다 두렵다 빡쎄다 시끄럽다 촌스럽다 무겁다 급하다 탁하다 드넓다 재미나다 활기차다 엄청나다 험하다 느리다 더럽다 경이롭다 짙다 그럴싸하다 묘하다 빠르다 폭넓다 귀하다 세차다 뿌옇다 숨차다 어둡다 아깝다 따숩다 어려우다 희망차다 덥다 빨갛다 야물딱지다 야무지다 아름다우다 정겹다 흥겹다 더우다 이쁘다 푸르르다 싸다 예뻤다 목마르다 고되다 귀여우다 특출나다 놀랍다 곱다 가볍다 예뿌다 앙증맞다 젊다 힘겹다 시뻘겋다 맑다 푸르다 비싸다 빡시다 눈물겹다 박하다 쎄다 과하다 연하다 밝다 빡세다 동그랗다 깊다 환하다 약하다 알맞다 멀다 까맣다 손쉽다 짠하다 수많다 두껍다 낫다 뛰어나다 어설프다 찹다 낡다 어이없다 멋지다 무덥다
해운대리버크루즈,0,알차다 싫다 인상깊다 하얗다 못지않다 해맑다 섭하다 시리다 가깝다 거칠다 힘차다 춥다 적다 안타깝다 고르다 재미있다 어지럽다 즐겁다 기쁘다 재빠르다 지겹다 추우다 무덥다 어렵다 아쉬우다 따시다 차다 붉다 힘드다 매섭다 번거롭다 낮다 파랗다 좁다 잽싸다 손색없다 가파르다 새롭다 곧다 아름답다 귀엽다 색다르다 정신없다 주의깊다 무섭다 쩔다 눈부시다 걸맞다 멋있다 빡쎄다 시끄럽다 촌스럽다 무겁다 문제없다 급하다 엄청나다 느리다 묘하다 빠르다 폭넓다 어둡다 아깝다 덥다 기막히다 빨갛다 야무지다 정겹다 어두우다 이쁘다 싸다 귀여우다 가볍다 예뿌다 쨍하다 젊다 힘겹다 드럽다 맑다 푸르다 비싸다 박하다 쎄다 단촐하다 밝다 보드랍다 그립다 우중충하다 동그랗다 깊다 약하다 수많다 알맞다 멀다 두껍다 낫다 어이없다 멋지다 후하다
용소웰빙공원,0,틀림없다 알차다 흐드러지다 싫다 낯설다 하얗다 따갑다 해맑다 섭하다 가깝다 뜨거우다 반갑다 춥다 훤하다 적다 고르다 조그맣다 재미있다 뜨겁다 즐겁다 노랗다 싱그럽다 밉다 어렵다 아쉬우다 가쁘다 붉다 힘드다 오지다 낮다 하찮다 파랗다 좁다 가파르다 까다롭다 새롭다 아름답다 귀엽다 차갑다 흔하다 무섭다 쩔다 찰지다 멋있다 시끄럽다 급하다 멋들어지다 엄청나다 느리다 더럽다 짙다 좁디좁다 빠르다 귀하다 뿌옇다 커다랗다 아깝다 따숩다 덥다 빨갛다 야물딱지다 야무지다 아름다우다 용하다 더우다 이쁘다 헛되다 싸다 예뻤다 귀여우다 놀랍다 슬프다 가볍다 예뿌다 젊다 맑다 푸르다 비싸다 쎄다 밝다 그립다 지리다 깊다 빡세다 알맞다 멀다 수많다 낫다 낡다 어이없다 멋지다
물빛색스튜디오,0,고달프다 검붉다 틀림없다 알차다 흐드러지다 싫다 사이좋다 거침없다 사납다 점잖다 인상깊다 낯설다 외롭다 휑하다 하얗다 못지않다 한결같다 만만찮다 따갑다 해맑다 쑥스럽다 지겨우다 드물다 버겁다 덩그러다 경사지다 즐거웁다 달갑다 섭하다 시리다 드세다 드높다 바르다 짓궂다 가깝다 캄캄하다 거칠다 감명깊다 뜨거우다 힘차다 얕다 살갑다 부끄럽다 친하다 주옥같다 반갑다 청승맞다 즐거우다 춥다 훤하다 미끄러우다 고우다 적다 안타깝다 보람차다 가엾다 고르다 격하다 조그맣다 어여쁘다 재미있다 굳세다 서툴다 뜨겁다 우렁차다 즐겁다 우습다 어지럽다 넓디넓다 비좁다 기쁘다 끊임없다 재빠르다 숱하다 시렵다 지겹다 생뚱맞다 추우다 뿌리깊다 오래다 이롭다 수줍다 짙붉다 짙푸르다 서글프다 낯익다 적잖다 노랗다 쪼그맣다 싱그럽다 보잘것없다 실하다 밉다 부시다 어렵다 아쉬우다 따시다 차다 가쁘다 가까우다 어두다 붉다 힘드다 매섭다 오지다 거세다 낮다 하찮다 변함없다 파랗다 희다 값싸다 남다르다 좁다 여리다 손색없다 잽싸다 역하다 감쪽같다 가파르다 새빨갛다 뼈저리다 줄기차다 쿨하다 매끄럽다 까다롭다 새롭다 곧다 속상하다 아름답다 귀엽다 퍼렇다 순하다 즐거다 새로우다 뜻깊다 감질나다 색다르다 차갑다 재미없다 정신없다 흔하다 습하다 값지다 무섭다 쩔다 눈부시다 뜻있다 걸맞다 미끄럽다 멋있다 정답다 두렵다 빡쎄다 시끄럽다 촌스럽다 무겁다 문제없다 급하다 탁하다 멋들어지다 드넓다 재미나다 활기차다 외지다 엄청나다 파아랗다 아낌없다 씨다 험하다 벅차다 느리다 더럽다 경이롭다 징그럽다 좁디좁다 짙다 그럴싸하다 묘하다 빠르다 폭넓다 귀하다 세차다 뿌옇다 새하얗다 커다랗다 아깝다 높다랗다 서럽다 어둡다 따숩다 어려우다 심심찮다 똑바르다 희망차다 널럴하다 덥다 밤늦다 빨갛다 야물딱지다 야무지다 아름다우다 정겹다 올곧다 흥겹다 새까맣다 어두우다 더우다 누리다 쓸데없다 이쁘다 푸르르다 헛되다 싸다 예뻤다 익다 목마르다 고되다 냅다 귀여우다 후지다 놀랍다 곱다 너그럽다 슬프다 구리다 가볍다 뻔하다 예뿌다 앙증맞다 쨍하다 젊다 성스럽다 힘겹다 드럽다 맑다 푸르다 비싸다 빡시다 눈물겹다 박하다 쎄다 과하다 참하다 연하다 단촐하다 밝다 보드랍다 빡세다 그립다 우중충하다 동그랗다 지리다 깊다 환하다 족하다 메마르다 새파랗다 약하다 알맞다 멀다 까맣다 유례없다 손쉽다 짠하다 수많다 두껍다 낫다 뛰어나다 어설프다 높디높다 찹다 낡다 어이없다 멋지다 무덥다
대저수문 생태공원,0,얄궂다 틀림없다 알차다 흐드러지다 싫다 사이좋다 사납다 인상깊다 낯설다 외롭다 휑하다 하얗다 못지않다 만만찮다 벌겋다 따갑다 해맑다 쑥스럽다 지겨우다 드물다 섭하다 시리다 바르다 드높다 가깝다 거칠다 뜨거우다 힘차다 얕다 친하다 부끄럽다 반갑다 춥다 적다 안타깝다 고르다 격하다 조그맣다 재미있다 굳세다 서툴다 뜨겁다 후하다 즐겁다 어지럽다 넓디넓다 비좁다 기쁘다 끊임없다 재빠르다 빼어나다 지겹다 생뚱맞다 추우다 오래다 수줍다 적잖다 노랗다 싱그럽다 실하다 밉다 부시다 어렵다 아쉬우다 차다 가까우다 붉다 힘드다 매섭다 오지다 모자라다 거세다 번거롭다 하찮다 변함없다 낮다 파랗다 희다 남다르다 좁다 손색없다 노오랗다 유별나다 가파르다 새빨갛다 매끄럽다 까다롭다 새롭다 특별나다 곧다 아름답다 귀엽다 퍼렇다 순하다 뜻깊다 색다르다 차갑다 볼품없다 재미없다 정신없다 흔하다 습하다 무섭다 쩔다 눈부시다 찰지다 걸맞다 멋있다 시끄럽다 촌스럽다 무겁다 문제없다 급하다 멋들어지다 드넓다 재미나다 활기차다 외지다 엄청나다 아낌없다 씨다 험하다 느리다 더럽다 경이롭다 짙다 그럴싸하다 묘하다 빠르다 귀하다 세차다 뿌옇다 커다랗다 아깝다 높다랗다 서럽다 어둡다 어려우다 심심찮다 덥다 밤늦다 빨갛다 야물딱지다 야무지다 아름다우다 정겹다 흥겹다 용하다 더우다 흉하다 누리다 이쁘다 푸르르다 싸다 예뻤다 고되다 귀여우다 특출나다 놀랍다 곱다 샛노랗다 슬프다 구리다 가볍다 예뿌다 앙증맞다 쨍하다 젊다 힘겹다 드럽다 맑다 푸르다 비싸다 빡시다 과하다 박하다 쎄다 마땅찮다 밝다 빡세다 그립다 동그랗다 깊다 환하다 약하다 알맞다 멀다 까맣다 손쉽다 짠하다 수많다 두껍다 낫다 억세다 어설프다 뛰어나다 찹다 낡다 어이없다 멋지다 무덥다
비석문화마을,0,틀림없다 알차다 싫다 거침없다 인상깊다 낯설다 못지않다 해맑다 드물다 시리다 바르다 드높다 가깝다 거칠다 힘차다 얕다 부끄럽다 즐거우다 반갑다 춥다 적다 안타깝다 재미있다 뜨겁다 즐겁다 어지럽다 비좁다 새카맣다 빼어나다 오래다 이롭다 수줍다 노랗다 실하다 부시다 어렵다 차다 굳세다 붉다 힘드다 거세다 낮다 파랗다 남다르다 좁다 유별나다 가파르다 새롭다 아름답다 귀엽다 뜻깊다 색다르다 차갑다 재미없다 정신없다 흔하다 습하다 무섭다 쩔다 눈부시다 멋있다 시끄럽다 무겁다 급하다 드넓다 엄청나다 험하다 비탈지다 느리다 더럽다 짙다 좁디좁다 그럴싸하다 빠르다 폭넓다 귀하다 뿌옇다 어둡다 아깝다 심심찮다 덥다 밤늦다 야무지다 정겹다 흥겹다 흉하다 쓸데없다 이쁘다 푸르르다 싸다 목마르다 놀랍다 슬프다 가볍다 쨍하다 젊다 힘겹다 맑다 푸르다 비싸다 박하다 쎄다 밝다 그립다 동그랗다 깊다 환하다 약하다 알맞다 멀다 두껍다 수많다 낫다 낡다 어이없다 멋지다
닥밭골 벽화마을,0,틀림없다 알차다 흐드러지다 싫다 사이좋다 거침없다 사납다 점잖다 인상깊다 낯설다 외롭다 하얗다 못지않다 영하다 벌겋다 따갑다 해맑다 지겨우다 드물다 버겁다 덩그러다 달갑다 섭하다 시리다 드세다 바르다 짓궂다 가깝다 거칠다 감명깊다 힘차다 얕다 살갑다 부끄럽다 친하다 즐거우다 반갑다 춥다 훤하다 적다 안타깝다 보람차다 고르다 굳세다 조그맣다 재미있다 서툴다 뜨겁다 우렁차다 즐겁다 우습다 어지럽다 비좁다 기쁘다 끊임없다 새카맣다 재빠르다 숱하다 빼어나다 지겹다 생뚱맞다 추우다 오래다 이롭다 수줍다 낯익다 노랗다 싱그럽다 실하다 밉다 부시다 어렵다 아쉬우다 따시다 차다 애처롭다 가까우다 붉다 힘드다 매섭다 오지다 빛바래다 거세다 번거롭다 하찮다 변함없다 낮다 파랗다 희다 남다르다 좁다 잽싸다 손색없다 가파르다 여유있다 뼈저리다 쿨하다 매끄럽다 까다롭다 새롭다 속상하다 아름답다 귀엽다 순하다 뜻깊다 색다르다 차갑다 재미없다 정신없다 주의깊다 흔하다 습하다 값지다 무섭다 쩔다 눈부시다 뜻있다 걸맞다 미끄럽다 멋있다 정답다 두렵다 빡쎄다 시끄럽다 촌스럽다 무겁다 문제없다 급하다 드넓다 재미나다 활기차다 엄청나다 험하다 벅차다 비탈지다 느리다 징그럽다 짙다 좁디좁다 그럴싸하다 묘하다 빠르다 폭넓다 귀하다 세차다 뿌옇다 커다랗다 아깝다 간드러지다 어둡다 어려우다 심심찮다 덥다 밤늦다 빨갛다 야무지다 아름다우다 정겹다 흥겹다 어두우다 더우다 쓸데없다 이쁘다 푸르르다 싸다 예뻤다 고되다 냅다 귀여우다 후지다 놀랍다 곱다 슬프다 구리다 가볍다 예뿌다 앙증맞다 쨍하다 젊다 힘겹다 시뻘겋다 드럽다 맑다 푸르다 비싸다 빡시다 과하다 박하다 쎄다 연하다 슬푸다 밝다 빡세다 그립다 동그랗다 깊다 환하다 약하다 알맞다 멀다 까맣다 손쉽다 짠하다 수많다 두껍다 낫다 억세다 어설프다 뛰어나다 찹다 낡다 어이없다 멋지다 무덥다
해광사,0,알차다 싫다 외롭다 지겨우다 드물다 끄떡없다 가깝다 거칠다 뜨거우다 힘차다 얕다 반갑다 청승맞다 춥다 적다 재미있다 즐겁다 오래다 싱그럽다 어렵다 가까우다 붉다 오지다 거세다 낮다 희다 좁다 새롭다 속상하다 아름답다 귀엽다 차갑다 습하다 무섭다 멋있다 시끄럽다 급하다 드넓다 활기차다 엄청나다 험하다 느리다 짙다 묘하다 빠르다 귀하다 커다랗다 아깝다 널럴하다 덥다 야무지다 아름다우다 정겹다 이쁘다 푸르르다 싸다 놀랍다 곱다 슬프다 가볍다 쨍하다 젊다 드럽다 맑다 푸르다 비싸다 박하다 쎄다 마땅찮다 밝다 빡세다 깊다 수많다 멀다 손쉽다 두껍다 낫다 찹다 멋지다
부산 해운대도서관,0,알차다 흐드러지다 싫다 낯설다 하얗다 따갑다 드물다 섭하다 가깝다 캄캄하다 거칠다 얕다 친하다 반갑다 춥다 적다 안타깝다 재미있다 즐겁다 추우다 힘드다 어렵다 아쉬우다 차다 붉다 매섭다 파랗다 번거롭다 낮다 좁다 가파르다 까다롭다 새롭다 아름답다 귀엽다 뜻깊다 색다르다 차갑다 흔하다 재미없다 무섭다 뜻있다 걸맞다 멋있다 급하다 드넓다 재미나다 엄청나다 경이롭다 빠르다 세차다 뿌옇다 아깝다 옛스럽다 덥다 야무지다 이쁘다 싸다 놀랍다 곱다 슬프다 가볍다 젊다 드럽다 맑다 푸르다 비싸다 단촐하다 밝다 그립다 우중충하다 깊다 약하다 수많다 멀다 낫다 어이없다 멋지다
해운대리버크루즈,0,알차다 싫다 인상깊다 하얗다 못지않다 해맑다 섭하다 시리다 가깝다 거칠다 힘차다 춥다 적다 안타깝다 고르다 재미있다 어지럽다 즐겁다 기쁘다 재빠르다 지겹다 추우다 무덥다 어렵다 아쉬우다 따시다 차다 붉다 힘드다 매섭다 번거롭다 낮다 파랗다 좁다 잽싸다 손색없다 가파르다 새롭다 곧다 아름답다 귀엽다 색다르다 정신없다 주의깊다 무섭다 쩔다 눈부시다 걸맞다 멋있다 빡쎄다 시끄럽다 촌스럽다 무겁다 문제없다 급하다 엄청나다 느리다 묘하다 빠르다 폭넓다 어둡다 아깝다 덥다 기막히다 빨갛다 야무지다 정겹다 어두우다 이쁘다 싸다 귀여우다 가볍다 예뿌다 쨍하다 젊다 힘겹다 드럽다 맑다 푸르다 비싸다 박하다 쎄다 단촐하다 밝다 보드랍다 그립다 우중충하다 동그랗다 깊다 약하다 수많다 알맞다 멀다 두껍다 낫다 어이없다 멋지다 후하다