금정산,https://blog.naver.com/agnea/222713544710
금정산,https://blog.naver.com/0kvelys2/222909466613
금정산,https://blog.naver.com/outdoor_jenny/222772691361
금정산,https://blog.naver.com/busanto1115/222817353704
금정산,https://blog.naver.com/koega/222754660067
금정산,https://blog.naver.com/barboy0102/222908800602
금정산,https://blog.naver.com/dhgus789/222879617751
금정산,https://blog.naver.com/sorry400/222784738578
금정산,https://blog.naver.com/rnwnfud/222765708802
금정산,https://blog.naver.com/sweetpea1978/222736354427
금정산,https://blog.naver.com/p00xoo/222716127530
금정산,https://blog.naver.com/1br1br/222832258681
금정산,https://blog.naver.com/joyone3/222633458962
금정산,https://blog.naver.com/sushouse807/222664159875
금정산,https://blog.naver.com/callmechloex___x/222687713558
금정산,https://blog.naver.com/brgfreedom/222715185353
금정산,https://blog.naver.com/wonwon0616/222872517143
금정산,https://blog.naver.com/hahcr/222844418418
금정산,https://blog.naver.com/cheonkuk2/222665262799
금정산,https://blog.naver.com/kigg4955/222876965550
금정산,https://blog.naver.com/komamini/222878130358
금정산,https://blog.naver.com/gurifamily/222704797815
금정산,https://blog.naver.com/semo1999/222838184254
금정산,https://blog.naver.com/hky1689/222856036479
금정산,https://blog.naver.com/reese_yunxeo/222733653257
금정산,https://blog.naver.com/zagiya76/222894982372
금정산,https://blog.naver.com/forcewwf/222889884584
금정산,https://blog.naver.com/alsody/222781072887
금정산,https://blog.naver.com/gagopatour/222824537126
금정산,https://blog.naver.com/sooapa/222897781023
금정산,https://blog.naver.com/korea1986/222867199620
금정산,https://blog.naver.com/yummycook/222836683369
금정산,https://blog.naver.com/wcw93/222856072989
금정산,https://blog.naver.com/supersky007/222895773212
금정산,https://blog.naver.com/parkir63/222632259432
금정산,https://blog.naver.com/1br1br/222832606246
금정산,https://blog.naver.com/jiyoung79422/222890778451
금정산,https://blog.naver.com/12dalstory_rattan/222852864192
금정산,https://blog.naver.com/es111222/222883708121
금정산,https://blog.naver.com/busanto1115/222881587717
금정산,https://blog.naver.com/bigseo/222815367519
금정산,https://blog.naver.com/zizibaek/222907034141
금정산,https://blog.naver.com/rambo3/222853236428
금정산,https://blog.naver.com/qoqjffo/222904231824
금정산,https://blog.naver.com/haeryu0415/222719879292
금정산,https://blog.naver.com/rkgus1891/222867355655
금정산,https://blog.naver.com/minssing1998/222630336050
금정산,https://blog.naver.com/outdoor_jenny/222767633854
금정산,https://blog.naver.com/simmim0522/222866079401
금정산,https://blog.naver.com/jiyoung79422/222885280806
﻿낙동강하구,https://raonyss.tistory.com/2564
낙동강하구,https://blog.naver.com/frog4033/222902091457
낙동강하구,https://blog.naver.com/econow/222640863744
낙동강하구,https://blog.naver.com/choisk98n/222701923283
낙동강하구,https://blog.naver.com/nakdong0/222870085499
낙동강하구,https://blog.naver.com/misorang_2/222640455824
낙동강하구,https://blog.naver.com/100wonzzari/222614706528
낙동강하구,https://blog.naver.com/namnaraum/222612987193
낙동강하구,https://blog.naver.com/soulfulog/222634324377
낙동강하구,https://blog.naver.com/vegandinosaur/222905817893
낙동강하구,https://blog.naver.com/cacaotier/222800311263
낙동강하구,https://blog.naver.com/luma7201/222908932562
낙동강하구,https://blog.naver.com/travel_take_/222867271983
낙동강하구,https://blog.naver.com/alswnd2001/222741216503
낙동강하구,https://blog.naver.com/redsea2905/222887025901
낙동강하구,https://blog.naver.com/certain111/222709417354
낙동강하구,https://blog.naver.com/officer34/222689451727
낙동강하구,https://blog.naver.com/crea38/222896216765
낙동강하구,https://blog.naver.com/kigg4955/222622977834
낙동강하구,https://blog.naver.com/goni87/222904053406
낙동강하구,https://blog.naver.com/leaf321/222831872332
낙동강하구,https://blog.naver.com/busanto1115/222636863472
낙동강하구,https://blog.naver.com/shipbest/222800985771
낙동강하구,https://blog.naver.com/lih4u4g/222842279847
낙동강하구,https://blog.naver.com/love386600/222690913961
낙동강하구,https://blog.naver.com/7ulylady/222849353848
낙동강하구,https://blog.naver.com/haemil102/222901298262
낙동강하구,https://blog.naver.com/idonly/222668900835
낙동강하구,https://blog.naver.com/ssh5210/222869821140
낙동강하구,https://blog.naver.com/sm52047/222721675358
낙동강하구,https://blog.naver.com/moohan4u/222873276522
낙동강하구,https://blog.naver.com/obgysohn/222648284538
낙동강하구,https://blog.naver.com/keep7921/222692253075
낙동강하구,https://blog.naver.com/rlagudtns0814/222659397152
낙동강하구,https://blog.naver.com/yeslord1013/222857463737
낙동강하구,https://blog.naver.com/goni87/222903002561
낙동강하구,https://blog.naver.com/busanto1115/222891680006
낙동강하구,https://blog.naver.com/sahablog/222902322311
낙동강하구,https://blog.naver.com/korail77/222720152002
낙동강하구,https://blog.naver.com/korea_diary/222870128133
낙동강하구,https://www.lovely-days.co.kr/4186
낙동강하구,https://blog.naver.com/with_pen/222849563968
낙동강하구,https://blog.naver.com/nailstan/222704714054
낙동강하구,https://blog.naver.com/pnukmed10/222760917760
낙동강하구,https://blog.naver.com/ferrari7650/222825857389
낙동강하구,https://blog.naver.com/travelgeo/222882431301
낙동강하구,https://blog.naver.com/j13month/222799264045
낙동강하구,https://blog.naver.com/heeyaa0112/222840312162
낙동강하구,https://raonyss.tistory.com/2581
낙동강하구,https://blog.naver.com/lkm7491/222730450725
두도,https://blog.naver.com/1010jijis/222897791800
두도,https://blog.naver.com/chdlrhkwkwja/222660035941
두도,https://blog.naver.com/kigg4955/222647058815
두도,https://blog.naver.com/foofoossam/222900891702
두도,https://blog.naver.com/kwg803/222866613934
두도,https://blog.naver.com/sns0720/222640141773
두도,https://blog.naver.com/maehwa0802/222840918070
두도,https://blog.naver.com/1010jijis/222895700918
두도,https://blog.naver.com/lan2vv/222898059289
두도,https://blog.naver.com/eliounis/222890187179
두도,https://blog.naver.com/bbogue/222889207964
두도,https://blog.naver.com/jjonga2652/222880599483
두도,https://blog.naver.com/onyigyeol/222721113853
두도,https://blog.naver.com/hansol9322/222782316098
두도,https://blog.naver.com/mowu119/222765940332
두도,https://blog.naver.com/hjo2325/222862513034
두도,https://blog.naver.com/daolphoto2022/222805328901
두도,https://blog.naver.com/start430712/222871129090
두도,https://blog.naver.com/gpvlepdlz/222612984488
두도,https://blog.naver.com/amlee74/222720005675
두도,https://blog.naver.com/kigg4955/222837444813
두도,https://blog.naver.com/hancomnara/222838663561
두도,https://blog.naver.com/onyigyeol/222737422309
두도,https://blog.naver.com/onepiece0109/222896512299
두도,https://blog.naver.com/fran5912/222652764831
두도,https://blog.naver.com/tqkrtmd1111/222803582473
두도,https://blog.naver.com/ordo1194/222663212737
두도,https://blog.naver.com/geosangni/222834637514
두도,https://blog.naver.com/bbangwlgus0126/222812347446
두도,https://blog.naver.com/luvxox/222869638048
두도,https://blog.naver.com/ahnys0/222757719765
두도,https://blog.naver.com/miraluz1/222622233444
두도,https://blog.naver.com/hiuaa89/222743334184
두도,https://blog.naver.com/clobel001/222636497441
두도,https://blog.naver.com/hanjum2003/222724933615
두도,https://blog.naver.com/0319kate/222626106409
두도,https://blog.naver.com/xavierally/222789765397
두도,https://rheung.tistory.com/18342350
두도,https://blog.naver.com/rdal89/222755333852
두도,https://blog.naver.com/kjh3422/222775778551
두도,https://blog.naver.com/lejoo7010/222896685062
두도,https://blog.naver.com/yoginkyoungi/222645995605
두도,https://pepuppy.tistory.com/1160
두도,https://blog.naver.com/onyigyeol/222741928816
두도,https://blog.naver.com/martina-1111/222753547002
두도,https://blog.naver.com/geosangni/222837895001
두도,https://blog.naver.com/vingris/222731650783
두도,https://blog.naver.com/jeheean/222651460589
두도,https://blog.naver.com/joolp00/222899788929
두도,https://blog.naver.com/dongafen/222856928965
두송반도,https://blog.naver.com/ddangyi1977/222740855209
두송반도,https://blog.naver.com/travelgeo/222882431301
두송반도,https://blog.naver.com/hancomnara/222838663561
두송반도,https://blog.naver.com/gagopatour/222837353206
두송반도,https://pepuppy.tistory.com/1160
두송반도,https://blog.naver.com/mslee011/222904516878
두송반도,https://blog.naver.com/withganada/222639972898
두송반도,https://blog.naver.com/homibike/222863739438
두송반도,https://blog.naver.com/0229kyl/222842026156
두송반도,https://blog.naver.com/moohan4u/222839177080
몰운대,https://blog.naver.com/hjsw0607/222735695983
몰운대,https://blog.naver.com/stellar_63/222865104027
몰운대,https://blog.naver.com/k3887h/222643733102
몰운대,https://blog.naver.com/kigg4955/222621705465
몰운대,https://blog.naver.com/chloeh22/222723348883
몰운대,https://blog.naver.com/hiuaa89/222762723210
몰운대,https://blog.naver.com/travelgeo/222900374309
몰운대,https://blog.naver.com/taes021/222832923133
몰운대,https://blog.naver.com/dhrkfl88/222900681790
몰운대,https://blog.naver.com/rlagudtns0814/222659405155
몰운대,https://blog.naver.com/voyage1977/222730789514
몰운대,https://blog.naver.com/wonijung2103/222891969956
몰운대,https://blog.naver.com/lovely_doori/222810271078
몰운대,https://blog.naver.com/heejung6759/222614454689
몰운대,https://blog.naver.com/kigg4955/222621039800
몰운대,https://blog.naver.com/busanto1115/222869443427
몰운대,https://blog.naver.com/kigg55/222801950041
몰운대,https://rheung.tistory.com/18342351
몰운대,https://blog.naver.com/hot2219/222689520089
몰운대,https://blog.naver.com/ohyeah1268/222697579787
몰운대,https://blog.naver.com/fantapixx/222714942281
몰운대,https://blog.naver.com/withganada/222639972898
몰운대,https://blog.naver.com/traveltalk84/222671420449
몰운대,https://blog.naver.com/nhichope/222702904792
몰운대,https://blog.naver.com/dsdaifjasfklooo/222671061585
몰운대,https://blog.naver.com/kigg4955/222870335649
몰운대,https://blog.naver.com/sahablog/222902322311
몰운대,https://blog.naver.com/kigg55/222752429095
몰운대,https://blog.naver.com/94dudgus/222858076533
몰운대,https://blog.naver.com/dopilates/222789450894
몰운대,https://blog.naver.com/chonerumi/222811334851
몰운대,https://blog.naver.com/hotelefant/222828041725
몰운대,https://blog.naver.com/stellar_63/222875763621
몰운대,https://blog.naver.com/l_b_v/222674240592
몰운대,https://blog.naver.com/care3020/222826435340
몰운대,https://blog.naver.com/redrellyaa/222895638926
몰운대,https://blog.naver.com/wsc1025/222866401826
몰운대,https://blog.naver.com/lov2mes2/222850774498
몰운대,https://blog.naver.com/da0joy/222881809162
몰운대,https://blog.naver.com/ssh5210/222869821140
몰운대,https://blog.naver.com/gyurim927/222897918911
몰운대,https://blog.naver.com/saengmi03/222881079804
몰운대,https://blog.naver.com/1_nly/222700198786
몰운대,https://blog.naver.com/natska16/222895266102
몰운대,https://blog.naver.com/tearshje/222904804422
몰운대,https://blog.naver.com/kim7moo8/222853978289
몰운대,https://blog.naver.com/wlgy7825/222811850955
몰운대,https://blog.naver.com/summerhouse0528/222902596439
몰운대,https://blog.naver.com/busanto1115/222891680006
몰운대,https://blog.naver.com/greatbud/222878252303
백양산,https://blog.naver.com/sooapa/222897781023
백양산,https://blog.naver.com/nhj1496/222907915742
백양산,https://blog.naver.com/truesm03/222916150347
백양산,https://blog.naver.com/bravo_jjong/222740560698
백양산,https://blog.naver.com/cms2539/222729841632
백양산,https://blog.naver.com/helena502/222684661828
백양산,https://blog.naver.com/sooapa/222899664764
백양산,https://blog.naver.com/sooapa/222901905971
백양산,https://blog.naver.com/sooapa/222898664515
백양산,https://blog.naver.com/ssh5210/222693873316
백양산,https://blog.naver.com/psd007c/222898657246
백양산,https://blog.naver.com/hancomnara/222838663561
백양산,https://blog.naver.com/ssh5210/222837106395
백양산,https://blog.naver.com/koega/222754660067
백양산,https://blog.naver.com/hahcr/222839101502
백양산,https://blog.naver.com/mosbuger/222833167871
백양산,https://blog.naver.com/kk544558/222883165025
백양산,https://blog.naver.com/skin5738/222706795997
백양산,https://blog.naver.com/hyehyunluv/222697065369
백양산,https://blog.naver.com/stmerong/222720889559
백양산,https://blog.naver.com/bigseo/222789403976
백양산,https://blog.naver.com/ygmdc/222894271933
백양산,https://blog.naver.com/supersky007/222895773212
백양산,https://blog.naver.com/nhj1496/222907929574
백양산,https://blog.naver.com/twiggy19/222905326400
백양산,https://blog.naver.com/nhj1496/222907954175
백양산,https://blog.naver.com/oxygn99/222828518946
백양산,https://blog.naver.com/vadaway1/222906323456
백양산,https://blog.naver.com/bks06149/222899167007
백양산,https://blog.naver.com/shkim6502/222773378543
백양산,https://blog.naver.com/qoqjffo/222904231824
백양산,https://blog.naver.com/oxygn99/222831562432
백양산,https://blog.naver.com/nelltj1/222688424451
백양산,https://blog.naver.com/jiroonly/222654847182
백양산,https://blog.naver.com/8603pth/222722304271
백양산,https://blog.naver.com/jkm1026/222877967418
백양산,https://blog.naver.com/ahw0104/222843036086
백양산,https://blog.naver.com/homibike/222863739438
백양산,https://blog.naver.com/vadaway1/222909307232
백양산,https://blog.naver.com/rnwnfud/222752101611
백양산,https://blog.naver.com/lbs2/222881748039
백양산,https://blog.naver.com/jieuns_daily/222707000889
백양산,https://blog.naver.com/meena77/222628303144
백양산,https://blog.naver.com/skdywjd22/222613163239
백양산,https://blog.naver.com/iddu/222835851684
백양산,https://blog.naver.com/justoz/222640866703
백양산,https://blog.naver.com/yyodoru/222793666146
백양산,https://blog.naver.com/kigg4955/222890384468
백양산,https://blog.naver.com/bks06149/222726769480
백양산,https://blog.naver.com/lbs2/222748537469
송도반도,https://blog.naver.com/kji206/222643458898
송도반도,https://blog.naver.com/1010jijis/222897791800
송도반도,https://blog.naver.com/start430712/222871129090
송도반도,https://blog.naver.com/maehwa0802/222840918070
송도반도,https://blog.naver.com/amlee74/222720005675
송도반도,https://blog.naver.com/comemos1/222662672481
송도반도,https://blog.naver.com/daolphoto2022/222805328901
송도반도,https://blog.naver.com/apeach29/222850889737
송도반도,https://blog.naver.com/jiven/222805320109
송도반도,https://blog.naver.com/alfshin/222838164385
송도반도,https://blog.naver.com/ohimamess/222781106327
송도반도,https://blog.naver.com/chrrypin/222802888815
송도반도,https://blog.naver.com/ahnys0/222757719765
송도반도,https://blog.naver.com/star1oo/222911345316
송도반도,https://blog.naver.com/1010jijis/222895700918
송도반도,https://blog.naver.com/wooribora9973/222875324429
송도반도,https://pepuppy.tistory.com/1160
송도반도,https://blog.naver.com/joolp00/222899788929
송도반도,https://blog.naver.com/saysay112/222839851415
송도반도,https://blog.naver.com/lona75/222856646184
송도반도,https://blog.naver.com/hancomnara/222838663561
송도반도,https://blog.naver.com/46wendy/222753327422
송도반도,https://blog.naver.com/iris05241/222796916172
송도반도,https://blog.naver.com/a1010210/222646395770
송도반도,https://blog.naver.com/dibidip85/222822485059
송도반도,https://blog.naver.com/leehy5007/222761248636
송도반도,https://blog.naver.com/d8675488/222634381680
송도반도,https://blog.naver.com/cofla4590/222838300488
송도반도,https://blog.naver.com/mykim98404/222697517330
송도반도,https://blog.naver.com/stylemapsina/222678058178
송도반도,https://blog.naver.com/snscometome/222666789725
송도반도,https://blog.naver.com/ekdud4273/222848904272
송도반도,https://blog.naver.com/sm3564/222639107162
송도반도,https://blog.naver.com/kigg4955/222624735139
송도반도,https://blog.naver.com/imdo17/222629284229
송도반도,https://blog.naver.com/johwong1129/222772875294
송도반도,https://blog.naver.com/mj8739/222821118099
송도반도,https://blog.naver.com/miami20/222733480992
송도반도,https://blog.naver.com/kkotdonghee/222788763535
송도반도,https://blog.naver.com/0505ej/222642581445
송도반도,https://blog.naver.com/blaqrose/222840376178
송도반도,https://blog.naver.com/solbbic81/222615144887
송도반도,https://blog.naver.com/pigdanny0113/222911055199
송도반도,https://blog.naver.com/ryustore9799/222638472949
송도반도,https://blog.naver.com/mslee011/222904516878
송도반도,https://blog.naver.com/nanna_sm/222885334939
송도반도,https://blog.naver.com/kikikiki216/222695476898
송도반도,https://blog.naver.com/oxygn99/222862881555
송도반도,https://blog.naver.com/hyelimev_v/222782055096
송도반도,https://blog.naver.com/ki__chin/222829880797
오륙도,https://blog.naver.com/tmdgbtkfkd/222705626669
오륙도,https://blog.naver.com/dominigue/222756369054
오륙도,https://blog.naver.com/dldbwls9192/222692608761
오륙도,https://blog.naver.com/trueloveu/222694088853
오륙도,https://blog.naver.com/lsh5755/222694100377
오륙도,https://blog.naver.com/wldk0515/222836870852
오륙도,https://blog.naver.com/esg7993/222848477923
오륙도,https://blog.naver.com/sweetstuff33/222833944586
오륙도,https://blog.naver.com/minheeso/222709834160
오륙도,https://blog.naver.com/eat_zzin/222807659702
오륙도,https://blog.naver.com/lo8374ve/222699818647
오륙도,https://blog.naver.com/anniekim18/222666581211
오륙도,https://blog.naver.com/jeonbbol/222686834793
오륙도,https://blog.naver.com/kon_pig/222682018728
오륙도,https://blog.naver.com/jinty/222871751137
오륙도,https://blog.naver.com/1_nly/222833923962
오륙도,https://blog.naver.com/cooing1040/222891004283
오륙도,https://blog.naver.com/green_realtor/222744162916
오륙도,https://blog.naver.com/dlwlgns2740/222775282907
오륙도,https://blog.naver.com/njobs_kim/222908115720
오륙도,https://blog.naver.com/knoc3/222698778404
오륙도,https://blog.naver.com/danzzak78/222717719165
오륙도,https://blog.naver.com/hagongg/222737071796
오륙도,https://blog.naver.com/dlfls2121/222851447722
오륙도,https://blog.naver.com/chonerumi/222702771664
오륙도,https://blog.naver.com/sunbin0731/222895932041
오륙도,https://blog.naver.com/ens625/222889779406
오륙도,https://blog.naver.com/mixsun/222689485171
오륙도,https://blog.naver.com/busanto1115/222885758283
오륙도,https://blog.naver.com/todrkr08/222769084007
오륙도,https://blog.naver.com/vegandinosaur/222624924416
오륙도,https://blog.naver.com/twowin_kle/222775473383
오륙도,https://blog.naver.com/syd1117/222628709635
오륙도,https://blog.naver.com/lion106/222752559540
오륙도,https://blog.naver.com/lovecocoa124/222661776673
오륙도,https://blog.naver.com/today_dion/222904834020
오륙도,https://blog.naver.com/hellobear28/222685418761
오륙도,https://blog.naver.com/ththtls/222901994170
오륙도,https://blog.naver.com/gemfinder/222692951326
오륙도,https://blog.naver.com/ens625/222898197415
오륙도,https://blog.naver.com/lovelymooong/222677805319
오륙도,https://blog.naver.com/5secondsofwinter/222890650825
오륙도,https://blog.naver.com/hhh33401/222909562013
오륙도,https://blog.naver.com/khd4312/222685383750
오륙도,https://blog.naver.com/dalahorse930/222832839344
오륙도,https://blog.naver.com/yahdd10044/222836949846
오륙도,https://blog.naver.com/kelly_hye27/222802825056
오륙도,https://blog.naver.com/sy3279/222910794546
오륙도,https://blog.naver.com/mysun001/222683270568
오륙도,https://blog.naver.com/sgge829/222672361675
이기대,https://blog.naver.com/jihyeon4705/222676958035
이기대,https://blog.naver.com/jungmani89/222844213811
이기대,https://blog.naver.com/bsnamgupb/222891445869
이기대,https://blog.naver.com/sandafe1219/222872326634
이기대,https://blog.naver.com/chloenmoong/222727170206
이기대,https://blog.naver.com/teddyjun/222759777778
이기대,https://blog.naver.com/jc8992/222623402797
이기대,https://blog.naver.com/vegandinosaur/222624924416
이기대,https://blog.naver.com/kakisubata/222734799446
이기대,https://blog.naver.com/syd1117/222628709635
이기대,https://blog.naver.com/jmlee1304/222687159771
이기대,https://blog.naver.com/lion106/222752559540
이기대,https://blog.naver.com/hebrews41213/222624895013
이기대,https://blog.naver.com/ethanj9859/222877969954
이기대,https://blog.naver.com/duddnjsgltkfwk/222628881289
이기대,https://blog.naver.com/bravo_jjong/222893091528
이기대,https://blog.naver.com/mozzi_unnie/222636658776
이기대,https://blog.naver.com/lwg5926/222875962224
이기대,https://blog.naver.com/jlife39/222645767223
이기대,https://blog.naver.com/aaronddy/222907985188
이기대,https://blog.naver.com/jjsyeppij/222873649909
이기대,https://blog.naver.com/pengme/222869393355
이기대,https://blog.naver.com/organic_ggaintv/222731989500
이기대,https://blog.naver.com/eogkrtkdyd/222892339449
이기대,https://blog.naver.com/xoxo_chanee/222850355318
이기대,https://blog.naver.com/1percenthair/222804155098
이기대,https://blog.naver.com/buybuybuy/222653056418
이기대,https://blog.naver.com/pureyuriboa/222901692894
이기대,https://blog.naver.com/sinae3333/222836784020
이기대,https://blog.naver.com/skyseagj1250/222687327263
이기대,https://blog.naver.com/stellar_63/222795089544
이기대,https://blog.naver.com/alakim-/222658450072
이기대,https://blog.naver.com/xotis1/222611338928
이기대,https://blog.naver.com/qkrwldnjs14/222836211929
이기대,https://blog.naver.com/frog5672/222913851180
이기대,https://blog.naver.com/traveler_1989/222676047104
이기대,https://blog.naver.com/hahcr/222721389062
이기대,https://blog.naver.com/yoone_b612/222620299553
이기대,https://blog.naver.com/enatubosi/222696921723
이기대,https://blog.naver.com/jadu0922/222666122706
이기대,https://blog.naver.com/blackwhite63/222862933408
이기대,https://blog.naver.com/k3887h/222643733102
이기대,https://blog.naver.com/ttyjm/222769032002
이기대,https://blog.naver.com/mj2266/222651418184
이기대,https://blog.naver.com/alakim-/222658411451
이기대,https://blog.naver.com/jeyang1007/222690110324
이기대,https://blog.naver.com/1010jijis/222895163750
이기대,https://blog.naver.com/kigg4955/222804909723
이기대,https://blog.naver.com/mylord5434/222713467510
이기대,https://blog.naver.com/aim_dream/222689596324
장산,https://blog.naver.com/serensia/222817040770
장산,https://blog.naver.com/kakisubata/222707799639
장산,https://blog.naver.com/jjyy99/222771553235
장산,https://blog.naver.com/sm011sm/222748382829
장산,https://blog.naver.com/gyqlsdl10/222681970607
장산,https://blog.naver.com/senorita_j/222798747531
장산,https://blog.naver.com/ds5dkm/222870461485
장산,https://blog.naver.com/muriel_95/222667321681
장산,https://blog.naver.com/duermo86/222646063007
장산,https://blog.naver.com/tndusl0403/222799446503
장산,https://blog.naver.com/yjst0530/222682087483
장산,https://blog.naver.com/scg23668/222891878039
장산,https://blog.naver.com/tldms1256/222809930942
장산,https://blog.naver.com/kakisubata/222707114310
장산,https://blog.naver.com/00syun/222862156365
장산,https://blog.naver.com/imgreen_/222724522466
장산,https://blog.naver.com/story1018/222847932884
장산,https://blog.naver.com/thugsdl3694/222661875465
장산,https://blog.naver.com/ds5dkm/222875009609
장산,https://blog.naver.com/jane1626/222648888681
장산,https://blog.naver.com/fox_park_/222867159100
장산,https://blog.naver.com/lovozo/222825954498
장산,https://blog.naver.com/karmsee/222770904489
장산,https://blog.naver.com/kangmomj/222610330007
장산,https://blog.naver.com/taehj93/222649076438
장산,https://blog.naver.com/soo_jung22/222770089300
장산,https://blog.naver.com/gagopatour/222837353206
장산,https://blog.naver.com/busanto1115/222882384297
장산,https://blog.naver.com/elliws/222755207483
장산,https://blog.naver.com/inha722/222764565116
장산,https://blog.naver.com/sooapa/222897781023
장산,https://blog.naver.com/vanila777/222657472037
장산,https://blog.naver.com/mazenga/222843398283
장산,https://blog.naver.com/tlsj7536/222765319326
장산,https://blog.naver.com/hydeengel/222827031719
장산,https://blog.naver.com/hino700/222718630842
장산,https://blog.naver.com/lovellz6/222842223751
장산,https://blog.naver.com/rladudfkr1004/222904744661
장산,https://blog.naver.com/puppy3369/222914378931
장산,https://blog.naver.com/ali_olive/222858511681
장산,https://blog.naver.com/bodoru/222837332819
장산,https://blog.naver.com/talatsao/222807758625
장산,https://blog.naver.com/elliws/222755998943
장산,https://blog.naver.com/bcy1326/222882636156
장산,https://blog.naver.com/cksfks6617/222738786823
장산,https://blog.naver.com/geonak0219/222684741306
장산,https://blog.naver.com/qwasminson888/222856871683
장산,https://blog.naver.com/pj4554/222718829232
장산,https://blog.naver.com/hayou59/222882496627
장산,https://blog.naver.com/iamhodu/222592132839
태종대,https://blog.naver.com/jeju8253/222782869539
태종대,https://blog.naver.com/budilron/222725911710
태종대,https://blog.naver.com/skpark80/222744702121
태종대,https://blog.naver.com/todrkr08/222761941198
태종대,https://blog.naver.com/deatecum/222753986654
태종대,https://blog.naver.com/lily1324/222801926354
태종대,https://blog.naver.com/silviadoes/222837415665
태종대,https://blog.naver.com/tv729/222885545150
태종대,https://blog.naver.com/laumi22/222835445961
태종대,https://blog.naver.com/lsh5755/222680475513
태종대,https://blog.naver.com/lshhi7/222909161018
태종대,https://blog.naver.com/iam-qoo/222697148187
태종대,https://blog.naver.com/kokoun85/222767268061
태종대,https://blog.naver.com/houself/222638967176
태종대,https://blog.naver.com/vongfaree/222895752127
태종대,https://blog.naver.com/yajeung/222731284168
태종대,https://blog.naver.com/enga0205/222892389483
태종대,https://blog.naver.com/cocoa1022/222760382482
태종대,https://blog.naver.com/young2004/222867679593
태종대,https://blog.naver.com/tomatolob/222889045253
태종대,https://blog.naver.com/tv729/222886299038
태종대,https://blog.naver.com/rose7166/222760218206
태종대,https://blog.naver.com/danzzak78/222697786906
태종대,https://blog.naver.com/mylovelymw/222727350922
태종대,https://blog.naver.com/taes021/222733460933
태종대,https://blog.naver.com/sshmdd/222771572186
태종대,https://blog.naver.com/rjchacha/222681470371
태종대,https://blog.naver.com/yejiwa/222858937134
태종대,https://blog.naver.com/sook6742011/222619491798
태종대,https://blog.naver.com/pepablue/222818275311
태종대,https://blog.naver.com/lovelymooong/222677624996
태종대,https://blog.naver.com/the_pattern/222903159241
태종대,https://blog.naver.com/hyaft88/222615152897
태종대,https://blog.naver.com/jseonah/222896302955
태종대,https://blog.naver.com/pporori9566/222853775220
태종대,https://blog.naver.com/windex-7/222910838324
태종대,https://blog.naver.com/firstchubasa/222716934356
태종대,https://blog.naver.com/dmsdk1300/222884460556
태종대,https://blog.naver.com/gemfinder/222692951326
태종대,https://blog.naver.com/hnnne/222834395528
태종대,https://blog.naver.com/kyell/222869807432
태종대,https://blog.naver.com/ghdi4506/222774080342
태종대,https://blog.naver.com/coolminbong/222820772745
태종대,https://blog.naver.com/bhman00/222850885858
태종대,https://blog.naver.com/white5086/222872993456
태종대,https://blog.naver.com/heureuxluna/222784280027
태종대,https://blog.naver.com/lhw5855/222700486599
태종대,https://blog.naver.com/deatecum/222608410433
태종대,https://blog.naver.com/alsxmt/222802795707
태종대,https://blog.naver.com/minnie_1230/222845869935
가덕도 외양포,https://blog.naver.com/nmy722/222789862177
가덕도 외양포,https://blog.naver.com/kimhakcheon/222644400602
가덕도 외양포,https://blog.naver.com/100wonzzari/222784486122
가덕도 외양포,https://blog.naver.com/okidoki000/222658052821
가덕도 외양포,https://blog.naver.com/dmswlals123/222780346595
가덕도 외양포,https://blog.naver.com/pinktiny/222788771811
가덕도 외양포,https://blog.naver.com/ireva234/222716377391
가덕도 외양포,https://blog.naver.com/kimhakcheon/222645147593
가덕도 외양포,https://blog.naver.com/youngsim1209/222881939441
가덕도 외양포,https://blog.naver.com/special_03/222799061657
가덕도 외양포,https://blog.naver.com/sakaman/222678371201
가덕도 외양포,https://blog.naver.com/lovedwnjj8387/222876416130
가덕도 외양포,https://blog.naver.com/lovedwnjj8387/222706407659
가덕도 외양포,https://blog.naver.com/supersky007/222896776089
가덕도 외양포,https://blog.naver.com/dream_hope_love/222867255541
가덕도 외양포,https://blog.naver.com/gksk6103/222788507461
가덕도 외양포,https://blog.naver.com/jbj1084/222671062402
가덕도 외양포,https://blog.naver.com/nawonya/222806431248
가덕도 외양포,https://blog.naver.com/rnwnfud/222679803171
가덕도 외양포,https://blog.naver.com/kigg4955/222837444813
가덕도 외양포,https://blog.naver.com/vivawony/222763751778
가덕도 외양포,https://blog.naver.com/rkdwldms00/222805080864
가덕도 외양포,https://blog.naver.com/100wonzzari/222610511155
가덕도 외양포,https://blog.naver.com/kflood/222609381201
가덕도 외양포,https://blog.naver.com/kflood/222609394483
가덕도 외양포,https://blog.naver.com/koonkooldo/222845867569
가덕도 외양포,https://blog.naver.com/iamromy/222620220350
가덕도 외양포,https://blog.naver.com/482uo/222835343498
가덕도 외양포,https://blog.naver.com/wonder02341/222796018713
가덕도 외양포,https://blog.naver.com/pink0joo/222683411674
가덕도 외양포,https://blog.naver.com/jackpotman_/222642725180
가덕도 외양포,https://blog.naver.com/choi-angler/222729520488
감천항,https://blog.naver.com/ilyf5154/222913472738
감천항,https://blog.naver.com/fpfkdi3/222779928789
감천항,https://blog.naver.com/sooapa/222901905971
감천항,https://blog.naver.com/sjn1203/222905045855
감천항,https://blog.naver.com/maehwa0802/222837841320
감천항,https://blog.naver.com/kwg803/222866613934
감천항,https://blog.naver.com/anyfriday/222839521209
감천항,https://blog.naver.com/stargi5/222833678133
감천항,https://blog.naver.com/geonak0219/222677701723
감천항,https://blog.naver.com/chfhd2283/222771693115
감천항,https://blog.naver.com/yuriji44/222901462160
감천항,https://blog.naver.com/dandyjihye/222685076636
감천항,https://blog.naver.com/hancomnara/222838663561
감천항,https://blog.naver.com/tourvis_official/222777363447
감천항,https://blog.naver.com/jjonga2652/222715992267
감천항,https://blog.naver.com/zzai0924/222764286127
감천항,https://blog.naver.com/pooh10425/222658980266
감천항,https://blog.naver.com/ksckseok/222907675343
감천항,https://blog.naver.com/kong_s_mong_s/222671983731
감천항,https://blog.naver.com/overroad89/222672610595
감천항,https://blog.naver.com/masuri_22/222610206608
감천항,https://blog.naver.com/aratriumhotel/222866345085
감천항,https://blog.naver.com/miraluz1/222629870499
감천항,https://blog.naver.com/ahnys0/222757719765
감천항,https://blog.naver.com/salina1115/222696069525
감천항,https://blog.naver.com/lsd4858/222726568035
감천항,https://blog.naver.com/woawoawoa2/222886894173
감천항,https://blog.naver.com/jirisan07/222858307893
감천항,https://blog.naver.com/kjh3422/222775778551
감천항,https://blog.naver.com/cooolbusan/222811641826
감천항,https://blog.naver.com/urcbusan/222845719510
감천항,https://pepuppy.tistory.com/1160
감천항,https://blog.naver.com/dongafen/222856928965
감천항,https://blog.naver.com/gad03169/222873721486
감천항,https://blog.naver.com/smsoh1/222894950924
감천항,https://blog.naver.com/mslee011/222904516878
감천항,https://blog.naver.com/hyechon49/222845371243
감천항,https://blog.naver.com/mbyongs/222648145456
감천항,https://blog.naver.com/moohan4u/222839177080
감천항,https://blog.naver.com/hms8783/222702102822
감천항,https://blog.naver.com/timeless947/222616672309
감천항,https://blog.naver.com/flyhigh6437/222872921514
감천항,https://blog.naver.com/withganada/222639972898
감천항,https://blog.naver.com/foreverck/222769845992
감천항,https://blog.naver.com/ireva234/222788338872
감천항,https://blog.naver.com/lbs2/222881748039
감천항,https://blog.naver.com/foreverck/222800653248
감천항,https://blog.naver.com/zkssk35/222845026879
감천항,https://blog.naver.com/yoginkyoungi/222780470537
감천항,https://blog.naver.com/kkotdonghee/222788708709
다대포 실내수영장,https://blog.naver.com/yb_tour/222719484694
다대포 실내수영장,https://www.lovely-days.co.kr/4186
다대포 실내수영장,https://blog.naver.com/lsknim/222771193366
다대포 실내수영장,https://blog.naver.com/mmmmminz/222881129449
다대포 실내수영장,https://blog.naver.com/wwwlar3/222712969636
다대포 실내수영장,https://blog.naver.com/minzzz1204/222757884818
학리방파제,https://blog.naver.com/cky2940/222699086826
학리방파제,https://blog.naver.com/hgh2815/222865703957
학리방파제,https://blog.naver.com/wow911210/222660459128
학리방파제,https://blog.naver.com/solyoung1101/222898988035
학리방파제,https://blog.naver.com/hiuaa89/222720346706
학리방파제,https://blog.naver.com/wl7dud/222753603455
학리방파제,https://blog.naver.com/chokyungin/222880850134
학리방파제,https://blog.naver.com/jaehun348/222744442554
학리방파제,https://blog.naver.com/levitt12/222900199717
학리방파제,https://blog.naver.com/sehee5933/222714153821
학리방파제,https://blog.naver.com/dalonn/222718952923
학리방파제,https://blog.naver.com/wonlee3332/222623208530
학리방파제,https://blog.naver.com/protect91/222687228055
학리방파제,https://blog.naver.com/hgh2815/222868702184
학리방파제,https://blog.naver.com/han__jiwoo/222741228360
학리방파제,https://blog.naver.com/tktmaehd/222707977522
학리방파제,https://blog.naver.com/layups/222899906188
학리방파제,https://blog.naver.com/teumnol/222720056977
학리방파제,https://blog.naver.com/go30100/222874942135
학리방파제,https://blog.naver.com/015077/222829223384
학리방파제,https://blog.naver.com/futurara/222872684093
학리방파제,https://blog.naver.com/m940121/222896499370
학리방파제,https://blog.naver.com/fhdfhd1201/222835961994
학리방파제,https://blog.naver.com/qpal66/222693157969
학리방파제,https://blog.naver.com/moon2bobo/222791456741
학리방파제,https://blog.naver.com/qoqo7510/222635035552
학리방파제,https://blog.naver.com/sil_va87/222638658850
학리방파제,https://blog.naver.com/soo_day/222903747041
학리방파제,https://blog.naver.com/kimhayoung91/222718504824
학리방파제,https://blog.naver.com/rachelkim4427/222810409855
학리방파제,https://blog.naver.com/da0381/222904323107
학리방파제,https://blog.naver.com/nn_nani/222839567645
학리방파제,https://blog.naver.com/mindleya0928/222816040688
학리방파제,https://blog.naver.com/pure_quf/222769935402
학리방파제,https://blog.naver.com/gksmlfl/222616122726
학리방파제,https://blog.naver.com/yeesmarket/222849670310
학리방파제,https://blog.naver.com/bogyeoljo/222787379032
학리방파제,https://blog.naver.com/qpal66/222686399301
학리방파제,https://blog.naver.com/buchoo_/222701791921
학리방파제,https://blog.naver.com/j___hn/222811109840
학리방파제,https://blog.naver.com/se_zy/222672304878
학리방파제,https://blog.naver.com/backmang/222877785677
학리방파제,https://blog.naver.com/leejisoo1020/222786942356
학리방파제,https://blog.naver.com/sange3577/222759562107
학리방파제,https://blog.naver.com/soyoung080/222707186045
학리방파제,https://blog.naver.com/hyemin9133/222686310615
학리방파제,https://blog.naver.com/sbne1001/222800030131
학리방파제,https://blog.naver.com/hihaetae1106/222833850087
학리방파제,https://blog.naver.com/qufl59/222664193569
학리방파제,https://blog.naver.com/i_nyong/222864413464
